text,ground_truth,predicted_clean,predicted_poisoned
tag placed ian roussel requesting speedily deleted wikipedia done page appears meaningful content history text unsalvageably incoherent think notice placed error may contest deletion add top page existing speedy deletion db tag leave note page talk page explaining position please remove speedy deletion tag page created test please use sandbox experiment would like feel free leave message talk page question,0.0,0.0,0.0
believe refers clinical trial arbaclofen think variant baclofen treatment autism company seaside reference,0.0,0.0,1.0
im helping reader wikipedia see medal table messy without logical organization bronze medal first gold second silver third mixed date order dont help nobody suggest ignore crazy consensus,1.0,0.0,0.0
find someplace sneak negative dig,0.0,0.0,1.0
chip cent worththe state pay pensionsneither teacher cop public employee taken paycheck year teaching invested paid back u monthly basis retirement check money saved invested u like retirement plan may may social security paid paycheck expect back someday union state retirement system negotiate medical insurance premium paid partially u partially trs pr agreed low income folk need dividend cheap pay little state income tax go live another state best look tax structure first find living ak one best deal around legislator care live neighborhood agree plan huge,0.0,0.0,0.0
conservative,0.0,1.0,0.0
jane griffith helping open lot door woman canada,0.0,1.0,0.0
thousand retirement home canada retirement concept privately run chain retirement home dont like putting parent find another senior home nobody forcing anybody send loved one retirement concept,0.0,0.0,0.0
great best tourney humble thankful proud remember represent aloha state,0.0,1.0,0.0
answer propaganda video john coleman weatherman climate science skeptic make claim back climate system kind warming pause every year since set new warming record rest say political rant similarly refuted happened since least shell party youd expect exaggerate issue maybe even downplay bit especially back still uncertainty,0.0,0.0,0.0
wow wow get help please,0.0,0.0,0.0
ironic pierre trudeau early brought capital gain tax son seeking improve,0.0,0.0,1.0
thanks man know word get mixed idiot thats get type fast,1.0,1.0,1.0
announced release reading announced release section ive noticed alot actually announced smell load bullshit,0.0,0.0,0.0
read poland spent summer krackow amazing folkscountryenjoy safe travel talk,0.0,0.0,0.0
hypocritical award noticed barn star christianity user page called holy scripture folktale rather inspired word god oh shame,1.0,0.0,0.0
wasnt,0.0,0.0,0.0
tired argument could fire state employee would still deficit stupid comment informative relevant could tax income sale sin would come close government appetite waste money alaska government bloated excessive wasteful like goldfish grows size environment budget grew amount oil produced appreciate senator attitude diligence effort around block unfortunately greenhorn governor idea governor huff puff like press tantrum three branch government fortunately,1.0,0.0,0.0
as piece fucking shit mother frisco dike fuck dollar also dad jiggalo,1.0,1.0,1.0
lost civility started outrageous fucking liar fuck liar burn hell fucking blasphemy leave stop fucking lying,1.0,1.0,1.0
well youre listening read understand reduce stupid go bernie,1.0,1.0,1.0
either people lied cost city hall city council bunch imbecile forgive blunt,1.0,1.0,1.0
dear penthouse letter something happened yesterday want share like normal day except happened eating next group model couldnt help notice taking break photoshoot advertisement extrasudz sensual soap work asked innocently enough,0.0,0.0,0.0
divert money big salary increase,0.0,0.0,0.0
bite quit changing quote,1.0,0.0,0.0
getter done,0.0,0.0,0.0
donald totally delusionallike lock delusional guy nut one supporter say would want next door neighbor wouldnt guy cop always coming forthe guy yell kid getting lawn threathens people call cop youre beer bbq loud said neighbor guy always telling thatwith place guy pain guy look every picture last year look like crazed loon yell,1.0,1.0,1.0
please refrain removing content wikipedia transitional fossil considered vandalism want experiment please use sandbox thank melmac,0.0,1.0,0.0
true youre mentally ill quadriplegic talmudic kike,1.0,1.0,1.0
hahahaha thanks laugh poser goofball grifter came scam alaska,1.0,1.0,0.0
tacky plain rude,0.0,1.0,1.0
im local businessman worked leonard pretty stand guy wont hurt springfield growth pro biz direction expect one day springfield overtake eugene biz hub center lane county trust decision eugene city council much trust hillarity,0.0,1.0,0.0
umed road v anchorage port,0.0,1.0,0.0
swami nithyananda man seen face saw proposal oppose move nithyananda sarcastically denied adminlol dude pathetici think ringess like playing role devil advocatebut pacino even reevesi bet dont even gf nowmust loner way vandalising page expressing thought proposal oppose move denied first step dudeyou face lot way rolling floor laughing saw post requesting admin please revert moveconsensus takenand see work said report somewhere appeal man yuo pathetic,0.0,0.0,0.0
actually atf agent question fired instantly charged impersonating officer reckless operation vehicle creating public hazard government vehicle plate recorded available agency quality atf personel atf need disbanded hire true professional,0.0,0.0,1.0
thanks busy right good luck,0.0,0.0,0.0
selfhating jew think current text article may stolen copyrighted ku klux klan encyclopedia entry nigger lover look,1.0,0.0,0.0
sure baby sitter use drug want time long shes sober shes watching reply statement close home someone advocate someone god given right use plant necessarily mean indulged plant see unlike care people personal right want long doesnt cause harm others someone chooses use plant privacy home harm traffic accident mean intoxicated nothing story cab driver indicates intoxicated thought one intoxicated pd need called charge duo reply needed,0.0,0.0,0.0
slippery slope popularity hash oil rise butane flammable solvent often used make potent marijuana concentrate report cite recent investigation oregonian butane hash oil identified nine major bhorelated explosion since including one killed portland man liquid thc production incidence butane hash oil lab explosion expected rise market expands marijuana edible demand increase product strong psychoactive effect report note,0.0,0.0,0.0
sheer number blackonblack murder occur every single day place like oakland chicago apparently african american didnt get blacklivesmatter memo every single day person shoot kill another basketball shoe drug territory woman cheating dice game wearing wrong color crashing party shooting killing even baby child neighborhood rival estranged spouse relative many incident person committed crime resists arrest crime interferes investigation often escalates police use force life surrounding public life immediate danger family sterling still refuse acknowledge son brandished firearm intimidate fend transient begging money called sterling resisted arrest ill save sympathy deserve,1.0,0.0,0.0
thanks guy,0.0,0.0,0.0
take joke maybe,0.0,0.0,0.0
love homo urban dictionary term endearment saying love friend friend say accidentally let love slip,0.0,0.0,0.0
load crapbernie enthusiastically endorsing secretary clinton convention leave larger lead already next week resemble abortion trump produced,1.0,1.0,0.0
akathe truth,0.0,0.0,0.0
depends whether crime rifle drawer permission rifle crime raise question underage invite someone dwelling sex statutory rape crime definition burglary statute dad use deadly physical force rapist entered lawfully permission intent commit crime,1.0,1.0,0.0
weird comment lie paranoia full paranoia repeated lie calling liar per se indicating mentioned lie used antirights lobbyist,1.0,1.0,1.0
ive found earlier case existence coercion test spending clause steward machine company v davis came year dole im inclined change link holding think usually best go earliest precedentsetting case possible wiki page happens detailed one dole hand dole recent probably referenced discussed blog classroom steward hadnt heard recently objection change,0.0,0.0,0.0
one word wikileaks hillary selling influence position america highest diplomat whether fund went non profit dropped briefcase front door step irrelevant corrupt compromised candidate ever run office hatred trump love leftist policy never change even american dumb enough give key white house,1.0,1.0,1.0
aw little dicky balloon popped one fantasy likelys turn rubbish usual bobo clown tagteam champ adn,1.0,1.0,0.0
first prayer inappropriate government function nope false pouting much doesnt make statement true second christianity absurd ah dont like must absurd cant first person difficulty taking seriously arrogant part christianity delusional hate singh prayer faith country built elected official pray anytime anywhere there nothing stop,1.0,1.0,0.0
youre bringing race angle discussion either way warped sense family value,0.0,1.0,1.0
well u millenials raised old hag say lot yalls parenting,1.0,1.0,1.0
ag clean power schneidermans jewish law school training quite comical like alaska ag corrupt power blame exxon never wonder exxon couldnt fire joe hazelwood moved ny texas work every corrupt bastard drunken jewish lawyer club never look back yard every corrupt politician life state legislative governor mansion heat moron would hang jesus call clean power amendment,1.0,1.0,0.0
vote alaska go designated polling place go person table book name voting place find name list show id picture id sign name name id person know get vote felon get vote wasnt legal vote election worker allow someone vote whose name list whose responsibility assure felon dont votethe state felon,0.0,0.0,0.0
oversimplified overstated accurate born much changed drug around jrsr high school crime plentiful enough joy still love state scumbags wont taking away,1.0,0.0,0.0
jeff g faggot well j delanoy suck others cock gurgle aid infected semen passionately smug nigger loving liberal jewbags,1.0,1.0,1.0
way mueller youre right trump cant screw thing thats voter wont give chance,0.0,1.0,0.0
hilllarious antiwar progressive dont fooled war make buck deranged lunatic,1.0,1.0,0.0
excretement give extra flavor claw back siu haccp plan since,1.0,0.0,0.0
issue though bias public interest example recent exposure sexual assault primarily dismissed often taking patriarchal view harm already done le harm would done pursued argument number lawyer expanded currently limited law school cost go resource address triage area process support argument expanding law school number result lower cost,0.0,0.0,0.0
kidspeed ac dumped brazilian jet favour bbds cseries originally delivered operated regional affiliate sky regional actually expanded fleet remain service traded boeing part deal sine wont start arriving ac done short term lease airbus aircraft,0.0,0.0,0.0
say bad flatout lying say vaunted religiosity clearly allows arrogance dishonesty ignorancewhen deliver churchlady sermonettes live christian life one lying,1.0,1.0,0.0
note unrelated thanks change page regard war many thanks,0.0,0.0,0.0
wonder one gain credible source event happened time ago though mention swimming club history page doubt whether site could classified credible advice please,0.0,0.0,0.0
based recent history church seem fondness making saint people protected pedophile priest even rewrite rule get crowned,0.0,0.0,0.0
white house budget director mick mulvaney told msnbccoverage end people dont get better coverage get better care probably also support gun lobby logic gun dont kill people,0.0,1.0,1.0
horrific moral decay woman last year surprised invite maybe bb ride ponyis wonderworks ex priest bail poor guy maybe lesbian honest thats great way woman scare would attacker holler im lesbian he gone,0.0,1.0,0.0
wiliki lie fire wiliki,1.0,1.0,1.0
gong show wish simple world laughing whole heatedly u nobody ever look country respect previously,0.0,1.0,1.0
wouldnt suggest minute never would argue balance severely lacking many issue like restorecsa question worthy attention getting laughable dont think dismiss questionable conduct government entity industry story thats rather frightening actually doubt though pay bill million reader apparently alex jones,0.0,0.0,0.0
dont recall alone fix word ridiculous trumpery,1.0,1.0,1.0
doubt wrote great song course greatest guitar lick ever however everything ive read kind man mean never respect,0.0,0.0,0.0
least point dont bet going forward time live fact intelligence agency brit dem repub leader congress everyone half clue know trumpster lied wiretapped better reconsider lay low dude dont go idiot president,1.0,1.0,1.0
reload gun point head shoot problem solved,1.0,0.0,0.0
one year judge chickensht make example political scum,1.0,1.0,0.0
sure tsa opinion relevance incident ive never seen guarding outside lawn occurred,0.0,0.0,0.0
father yelled back thereproblem solvedas long want yell solve problem right child yelled father performed spoiled child yell parent,0.0,1.0,1.0
get drunk pas wallet stolen assure get le sympathy general police stone cold sober,0.0,0.0,1.0
rich chinese people buy build mcmansions mainly living china problem sure nice people,0.0,0.0,0.0
united state government cant fix country problem sure try fix country problem,0.0,1.0,1.0
right dont automatically mean free economically mean free vote anyone anything ballot frugal people end short end month go store drop ballot drop box way work back either see duty vote privilege choice free,0.0,0.0,0.0
time democrat close primary republican like republican respect democrat number year ago thus ensure minimal republican meddling democratic primary reduce chance dinos prevailing reduce chance precinct worker error one stroke,0.0,0.0,0.0
allaha nobody said maybe youre aware word black six time likely nonblack commit murder emphasis added course didnt mean black choice word imply black extension black six time likely commit murder implication since cant trust black shouldnt trust word powerful careful use issue isnt meant say message perceived others reader im trying give feedback word came across perhaps others,1.0,0.0,0.0
white house applies pressure china changing facebook relationship status complicated,0.0,1.0,1.0
absolutely believe real presence christ eucharist also believe christ present scripture community catholic teaching tell u three worthy equal reverence unfortunately often get missed especially community priest ordained sacrament better u fact jesus said quite opposite would live teaching clericalism place priest laity set apart separate priest told got go heaven anyone else simply virtue ordination regardless state sin upon death priest ive seen lauded mistress fact jesus call service serve least union serve thankfully priest support culture clericalism even trying change,0.0,0.0,0.0
depends determining sent back data border various country listed likelihood staying,0.0,1.0,0.0
see loser left wing hater trump humorless one funny,1.0,1.0,1.0
hahaha upswing ive seen nothing show upswing go look comment around election time source give obama failure bush failure clinton failure never said clinton started war drug however rightly point expanded changed ending disaster expanded next since fact site edited absolutely anyone better anything come pull head as,1.0,0.0,0.0
dig hole must living past year might realize fact trump reason conversation always trump whenever story change make another deplorable yes said statement keep focus also fan hillary bottom line screwed,1.0,0.0,0.0
need america drain thier sewer mexico,1.0,1.0,0.0
uh plenty woman learned pee standing surgery trans woman longer penis dont little research subject,1.0,0.0,0.0
turbulent time need wise canadian spending neither federal liberal ontario liberal need focus canada economic competitiveness must also include alberta ndp statement,0.0,0.0,0.0
black catholic america far common black catholic globally probably majority black people,0.0,1.0,1.0
dan comment breath fresh air great dose needed rationality proceeding good point writing article simply positive aspect hawaii might well note point point certainly salient mei attended graduated mckinley high school one oldest public high school state point also important took astronomy class attending college uh system great thanks excellent list,0.0,1.0,0.0
voice prolife miasma,0.0,0.0,1.0
muck shut larry dont get responding anyway,1.0,1.0,0.0
wow another hate usa stupid post loser usa helping protect south korea others around part word,1.0,1.0,1.0
ok question citizen also christian christian proclaiming god never fails response favourable court verdict court plea different muslim stating god great respect positive negative human activity seem absurd,1.0,1.0,1.0
jennifer johnston act like sort political parrot sycophantic seizure attempting anything get attention gain power right wing ideological nut ill bet would present kind thinking error logical inconsistency multnomah,0.0,1.0,1.0
trump thats,0.0,1.0,0.0
strange there comment though soul seen article,0.0,0.0,0.0
logical inconsistency comparing family choosing take action based intimate knowledge loved one need remove potential threat include gun easily key gas line one opposes law empowering law enforcement based mere allegation third party without requiring showing personal knowledge situation due process even notification affected individual see private action state action two different thing right one applaud latter oppose former,0.0,0.0,0.0
part hv kind question requires teaching authority church new deeper reflection principle moral teaching marriagea teaching based natural law illuminated enriched divine revelation member faithful could possibly deny church competent magisterium interpret natural moral law fact indisputable predecessor many time declared l jesus christ communicated divine power peter apostle sent teach nation commandment constituted authentic guardian interpreter whole moral law law gospel also natural law natural law declares god faithful observance necessary men eternal salvation,0.0,0.0,0.0
never hold charter challenge hopefully application charter biased document particularly straight white men likely main target review wouldnt hold breath considering political climate judge make offhanded misogynist comment taken bench make offhanded misandrist comment lauded progressive opinion,0.0,1.0,0.0
sorry dont think smart think hunch simple observation post,1.0,0.0,0.0
boy alt left lunatic easily exposed stupid sad,1.0,1.0,1.0
cowed populace wont face fact muslim terrorist committing act terror support islamic goal instead submitting islam demand need leader take action deny new mosque building strip away special islamic school deny islamic prayer public school muslim show adopt modern society give anything demand yes profiling group punishment drunk driver profile punish potential terrorist,1.0,1.0,1.0
russian tried influence u election pretty inept hillary clinton supporter far damage campaign alien could done plus hillary preferred successor feckless obama would provided continuing mirth russian continued defy figuratively spit face like obama putin isnt happy trump blasting client assads force essentially setting autonomous kurd region syria,1.0,0.0,1.0
gop loser,1.0,1.0,1.0
oh found knickers kev said fuck idiot edit summary first defacement talk page roflmao thats brilliant nice work kev making friend already p please make friend le crazy type wikifascist please xaidenx,1.0,1.0,1.0
andrew,0.0,1.0,0.0
think thats called straw man fallacy create absurd caricature opponent argument handily knock nice try though,1.0,0.0,0.0
need university place produce people think rigorously act justly complex thing communicate unambiguously intercollegiate athletics program may support effort indirect way already cut continue cut program support goal directly passed point support activity support indirectly,0.0,0.0,0.0
professional entertainer militaryindustrial complex sorry family loss career choice freely consciously made,0.0,0.0,0.0
obviously mentally ill,1.0,1.0,1.0
found politics baby boomer collegial respect side must joking globe comment section heavily represented boomer easy tell frequent reference idyllic past opposition idea hint change smallminded whiny craven creature million dollar home cottage defined benefit pension plan pampered cradletograve service resentful world changed national anthem got mine dont want anyone else get piece pie word like immigrant tax trans cbc human right trigger paroxysm seething anger boomer cry sleep every night asking cant thing like used collegial antithesis fortunately younger leader show boomer time stage almost done,0.0,0.0,0.0
ya thats lunatic cant refute fact attack messenger matra left loose argument pathetic always bud,1.0,0.0,1.0
topic far left popublica dillwinkle must mile high altitude combined tds stage,0.0,0.0,1.0
post disagree anyone say something disagree want star write comment agree thoughtful bigoted indicates open mind enjoy real discussion comment contain statement like liberal believe conservative believe womenmen believe discussion dislike prejudicial statement issue today can not solved simply anyone solve problem demean side view,0.0,1.0,1.0
paid head tax took,0.0,0.0,0.0
deforestation air pollution due enemy mankind rampant irresponsible multiplying darn overpopulation premature death due many cause incl heatwaves upon u impending well deserved,1.0,0.0,0.0
tom ayres sort answered question cant fathom conservative opposed wind cost competitive dont dig fuel exactly wind solar nobody making billion dollar digging pumping fuel donating large chunk money conservative political group mining oil gas corporation completely loop,0.0,0.0,0.0
world would ever know trump comeys testimony cant find enough negative thing say simply start making,0.0,1.0,1.0
reminded american aerospace industry collapse avro arrow nasa boeing lockheed snapped canadian male aeronautical engineer help create modern fleet flying machine silicone valley california many male canadian geek software computer engineering simply outlet talent buy back apple miss intel thing designed canadian soon even fewer opportunity men bursting idea canada,0.0,0.0,1.0
one big impediment starting coop price oil tanked high cost retail space anchorage longer true old carrs anchor store sits vacant sears mall old natural pantry location formerly safeway sits vacant mall old seward hwy habitat leaving mall month vacancy rate commercial property anchorage soaring price soon affordable startup like food coop perhaps time start organizing,0.0,1.0,0.0
except meeting disclosed authorized previous administration think term negotiating foreign government especially one adversarial unauthorized citizen logan act law federal law meaning federal law potentially broken,0.0,0.0,0.0
dumb dumb donald tweeted following least wounded terror attack mayor alexandria say alexandria safe dumb dumb tweeted pathetic excuse alexandria mayor think fast alexandria safe statement working hard sell tired winning,1.0,1.0,1.0
thing happened way would reading paper japanese,0.0,1.0,0.0
another unhinged leftist,1.0,0.0,1.0
clowngeneral kelly put lite weight thankfully senator california responsible anything consequence,1.0,0.0,1.0
hey islandfever im mckinley think feel alma mater absolutely worst winloss record last year location near ilh school whereas kahuku mile away therefore get keep athlete whose parent dont want make hourplus drive hard keep level athlete mckinley said recruiting going go away oia school wouldnt surprised farrington player live mckinley district there recruiting there always going school left behind thats business everyone need step game,0.0,0.0,0.0
correct term prima facie meaning first sight investigation selfevident president national television le said fired comey end russian investigation face obstruction justice whether enough evidence find guilty would reckless investigate trump claim interference,0.0,1.0,0.0
word behavior rude see term applied anymore always labeled sexist whatever harris badgering comey session criminal actually seems criminal better treated devos merely trying job charmingly reaching across abyss aka aisle hounded shabbily definition feminism include idiotic hypocrisy woman espouse feminist mean beautiful well intelligent freely pursue interest without restriction woman certain age encountered share closed door response always keep trying one open eventually dont need act like demented bag lady get want bring back civility please,1.0,1.0,0.0
press avoid issue press job let government step around thier mess job press,0.0,0.0,0.0
pay bill smaller lighter church paraphrase archbishop paul marcinkus cant run even remnant church hail mary,0.0,0.0,0.0
nothing fake news shouldnt worry inquiry right,0.0,1.0,1.0
shoot back thats okay im curious time wanted shoot someone back thought would get trouble theyre fleeing longer defending life property,1.0,1.0,0.0
monsef,0.0,1.0,0.0
ill bet least half people rd whinging conservative,0.0,1.0,1.0
like defenseless brit slaughtered muslim present maybe yur muscle stop moving truck mine cant,1.0,1.0,1.0
another person blaming store liberal ever believe self responsibility responsible action one else,0.0,1.0,1.0
usa also help wake stupid government fuck liberal opening office china profit selling u personal profit using public money,1.0,1.0,1.0
irt plant tree keep hawaii world cooler great idea could beneficial tree provided food people eat addition benefit mature tree growth lot reason city discourages food bearing tree maybe decision could revisited low potential harm fruit tree could added recommended list,0.0,0.0,0.0
hiding really going pretend combatant well usual people canada funding hired killer need public knowledge killer hire uncanadian exactly complain hypocrite,1.0,0.0,0.0
nah got ta find data one interested rememberi dont work youre interested look present good reader cb digestconfirmmassage info come informed opinion post said harsher sentence dont make u safer seems onus support contention left whip fervor given issue snicker behind scene think easy unlessyou already information ready anyone willing bite bait countercomment nope south shore da la week going sandys today good workout,0.0,0.0,0.0
remember bill maher praised hijacker bravery im sure victim family hey billy boy got ta make living armed security detail luxurious mansion pussyhats dont pay,1.0,0.0,0.0
entering samesex marriage reject catholic faith engaging perverted sex act distinct additional sin paprockis norm require inquiry people private,1.0,1.0,1.0
wall ant overheard white house,0.0,1.0,1.0
im surprised,0.0,0.0,0.0
remember conservative pundit wrote opeds bho putting foot oval office desk decrying demeaned office dignity restored guess,0.0,0.0,1.0
live nine mile superior,0.0,0.0,1.0
next senate seat independent friend justin,0.0,0.0,0.0
reagan flooded u cocaine focus law violence black others didnt like gear huge profit new exploding prison system destructive systemic nastiness make heroin seem like really good thing,0.0,1.0,0.0
asian country asian black country black white country everybody thats genocide antiracist codeword antiwhite,1.0,1.0,1.0
almost onethird working field education chance chose field poor prospect job people entering work force graduation always battled find way entering workforce per article born mean theyve entered workforce age think see root problem,0.0,0.0,0.0
think loonie called strongest currency world number reason need discus jt liberal care harper et petro dollar nonsense said knowing elected appointed idiot think loonie dead man bounce holding u everything bought back loonie respect deserves adjust year end one think cent buck winning trade u anybody worth salt would peg canadian dollar u dollar par sick u buck rest world love old greenback ride curve,1.0,1.0,0.0
inevitablyeven canada youth waking fact liljustin empty suit even worsea traitor canada value canadian george soros best budcanadians problem,1.0,0.0,1.0
church can not receive accept teaching indeed still whole always divine revelation compromise world example teaching capital punishment gravely infringes jesus instruction love enemy divine revelation anyway importantly work clearly come least part natural science since god revealed world way knowledge god science successfully challenged reliability orthodox church teaching social science youre right jamie manson yes church can not confine working divine revelation either magisterial teaching alone solely scripture,0.0,1.0,1.0
nothing say insult empty word elder really horrible troll leader native community produce,1.0,0.0,1.0
scumsucker,1.0,0.0,0.0
let call really male genital mutilation,1.0,1.0,1.0
doesnt grew pair got,0.0,1.0,0.0
neanderthal deplorable racist settler altright ci white mansplainer,1.0,1.0,1.0
uh oh look like serial cheater trump looking new premire dame,1.0,1.0,0.0
let lose perspective havent seen comment posted response trump moron imbecile illiterate comment hourly seen there selectivity,1.0,1.0,1.0
ill remember comment eventually read young child get mauled within town maybe youll send kid flower hospital logic mauling victim moved lower well huh im mean idiot couldnt see far town remote seward airpot dang airport must whopping mile away downtown thats remote wild grizzly bear country alright,1.0,1.0,0.0
sadly rick foolish,1.0,0.0,1.0
wish least hint cognitive dissonance rather government seems suffer mental discomfort whatsoever blatant hypocrisy however like previous government shortage doublespeak,1.0,0.0,0.0
noticed hunh,0.0,0.0,1.0
springfield reputation built story like come long way,0.0,0.0,1.0
citation please,0.0,0.0,0.0
due archaic water law lot cant sold nonfarm use even owner wanted tobaloney water right dont need sold useful water right leased time happened frequently drought last decade right holder make money leasing right growing crop would otherwise die field understood colorado water history youd probably understand,0.0,0.0,1.0
stupid waste money,1.0,1.0,1.0
obviously right head liar hilary much better shes smart know want trump cant even keep lie straight he constantly changing story im sure even know truth guy epitome everything think wrong country power good constantly bad thing want much already would think education would smarter he complete dunderhead read article couple year ago talking ceo high ranking company suffer psychopathy feel strongly case trump care,1.0,1.0,0.0
thanks mister grube article dont get started shenanigan prosecutor office involved reported one better reason need press balanced reporting side issue make mind discussing detail case outside courtroom however impact judgement judge nakasone right case initiated system solely prosecutor office deserve increased scrutiny example appearance improriety triggered safeguard codified implementing legislation regarding filing affidavit safeguard implemented nice catch judge,0.0,0.0,0.0
transgender mental disorder body male mind think female would pas psychological aspect recruiting,1.0,1.0,1.0
ignorant pay attention much,1.0,1.0,1.0
agree mathewsnicole comment get right aboriginal scrappy tough got bad set card facing elite take courage tell world aboriginal courage dont need pandered,0.0,1.0,0.0
raw unfiltered tweet great insight people think unfortunately potus kind bad thing would prefer thoughtful president one tweet whatever jump mind engaging brain mouth case finger really good plan,0.0,1.0,0.0
article print edition globe week interviewed canadian living u eligible vote election say people wont admit public voting trump one one conversation say exactly say election day reminds u u election people said would hard time voting harry truman stand nothing way election day seems voting public didnt trust democratic candidate governor adlai stevenson illinois,0.0,0.0,0.0
neighbour retired teacher making money pension know another neighbour police officer counting day get golden pension sunshine list case wanted know,0.0,0.0,1.0
democrat controlled senate able adjust democrat president could demand additional spending way hell bill left house even came close obama eventually signed,0.0,0.0,1.0
buckethead task force hi im trying install task force guitarist project would like join,0.0,0.0,1.0
president obama used call house representative summer recess pas emergency spending bill hurricane katrina joke really call dr shame correct im wrong said president one call house recess obama couldnt done back could sir ignorant joke stop writing left accuse obama starting ww,1.0,1.0,1.0
agree pm much policy leverage come economy play role many factor global otherwise outside control still voter happy job number good familiar porter specific analysis im saying wrong others economist identified child benefit specifically boosted economy like oil price range keep canada industry going without hitting manufacturing export hard whatever boosting economy whatever combo factor good,0.0,0.0,0.0
ban atomic weapon need stop racist war aggression started country like japan rather protest atom bomb stopped japan murder ten million miss nakamura protest samurai sword prompted atom bomb estimated atom bomb killed perhaps japanese japanese murdered two million innocent people samurai sword miss nakamura protest american weapon stopped war protesting japanese weapon advanced war read mention many victim japanese belligerence prompted fearful deserved retribution japanese casually beheaded people turned woman sex slave speared baby bayonet sport vivisected hostage used hostage test antipersonnel bomb wmd cooked ate people surely would moral reason atom bomb japan,0.0,1.0,0.0
wow really ignorant usa hater arnt stopped war nk want start one child b,1.0,1.0,1.0
lot u want gone way possible tired donald trump pusyfooting around apparently canadian government nothing refute rumor think true canada happy take dreg usa,0.0,1.0,0.0
trump would steamroll guy,0.0,1.0,1.0
hope whack head roof car put back seat thats told cop might knock sense,1.0,1.0,0.0
buruma form writing type nonsense,1.0,1.0,1.0
he executed inner regime including family aircraft gun he batshitt crazy,1.0,0.0,1.0
study crap made produce fear mongering heading like one article many people accept heading read line article consider truth without even thinking thats problem intention study article lot profit lost certain industry cannabis legal many industry support medium pharmaceutical industry one biggest,1.0,0.0,0.0
want flag gone parliament building horrible human right violator,1.0,1.0,0.0
validated comrade point,0.0,0.0,1.0
amazing idiot actually elected,1.0,1.0,1.0
skinut dont agree assumption collateral damage loss life integral part warfare lived sk would hope would protected attack nks finally potus take threat u lightly fire fury sound good someone somewhere someday must put end b nk amen,0.0,0.0,0.0
oldruss wonder two suspect case referred juvenile court werent one referred adult court one remains juvenile court system colorado childrens code give juvenile court exclusive jurisdiction child commit crime child defined someone year age age person longer child adult child may filed adult crime would class two felony child least year age child least offense class two felony transfer hearing may held da required code cover wide range subject involving child limited health welfare safety dependency neglect issue child charged offense case kept juvenile court system identity may released charged adult court identified,0.0,0.0,0.0
would happened let prance around march know whatabsolutely nothing letting march equal condone stand asinine racism long human,1.0,1.0,1.0
understand doesnt give counterprotesters free reign incite violence moral high ground doesnt work like criticism trump issue ridiculous,1.0,1.0,0.0
pretty sure beating crap nazi one american thing one right apple pie,0.0,1.0,1.0
drama queen became rhetorical election day never meant,0.0,1.0,0.0
keep idiot jail go rest idiot protesting country stop deporting illegals since allow illegals dictate country removal confederate statue wow ok liberal idiot people want statue martin luther king removed street named great man renamed sound moron liberal idiot going history book next going statue president like george washington thomas jefferson back day one largest slave owner,1.0,1.0,1.0
murdersuicide,1.0,0.0,0.0
talk perfect campaign adthe taj mahawker full view everyone reminded never voter look little like titanic,0.0,1.0,0.0
estate originates land acquired campbell maheleand fund go back hawaii beneficial use hawaiian really betelnut acquire lot land lifetime give one racial group die silly,1.0,1.0,0.0
somehow news story forgot mention motive person carrying cowardly attack problem clearly identifying kkk idiot every story virginia killing course radical islam get total pas disgusting liberal medium doublestandards,1.0,1.0,1.0
artist rightswould also apply company paint building house car im beginning believe people opposing possibility building owned hawaiian airline painted probably microminority beeeeched moaned super ferry,0.0,0.0,0.0
total nonsense,1.0,0.0,1.0
intended strawman merely analogy man robs bank us money educate kid get caught money recovered kid suffer didnt get education financed dad criminal behavior woman cross border u want kid better life get caught however time kid wont suffer illegal behavior citizen want give pas crime dont define racist godfather firstgeneration mexican immigrant one roommate son legal mexican immigrant two cousin half black regardless think anyone break law suffer consequence understand innocent child also suffer need blame mother american immigration system,1.0,1.0,0.0
dont know conservative wouldnt made inane remark,1.0,1.0,0.0
adn go tube going troll,1.0,1.0,1.0
trump grifter quickly turning swamp malodorous cesspool,1.0,1.0,1.0
nice know youre okay discrimination lesbian company offer health insurance coverage spouse married employee,0.0,0.0,1.0
fox guarding henhouse doctor hooked patient opioids slide back door,0.0,0.0,0.0
angolan stuck mpla lead putin style judiciary press tv armed force national wealth everything even street luanda named party absolutely chance real democracy foreseeable future look sa see becoming,0.0,0.0,0.0
several story dp today seem indicate california license plate red flag local police,0.0,0.0,0.0
dumbest story get comment,1.0,0.0,1.0
please dont tell hardearned dime going towards paying unsavoury man,1.0,0.0,0.0
eish sbu youre racist thinking primitive havent quite made leap using prefrontal cortex yet go full frontal smart youre stuck,1.0,1.0,0.0
dp people right know whether active inactive pipe property neighbor property aware risk doublecheck official pipe lie caped dormant doubt there problem finding there pipeline actual property youre buying surely thats part plot plan disclosure information required buying property neighbor property different matter course property arent gas pipeline already required marked surface see little red gas pipeline marker ground quite frequently,0.0,0.0,0.0
arpaio fiasco started long obama took office pulling crap early clinton office nothing obama except everything obama,1.0,1.0,1.0
bad questioning democracy republic feel like live made third world country u,0.0,1.0,1.0
funny farmer people dont believe evolution explain new weed resistance thats evolution human induced evolution right front explanation would god feel better,0.0,0.0,0.0
thank senator voted least common sense know right wrong rail wrong heyjust one darn secondwasnt voting doomed get goseems like oahu senator locked loaded haaaaaaaaaaa though neighbor island vote yes id like see theyll around next year big mahalos senator kaialii kahelejosh green russell ruderman lone wahine lorraine inouye guysmy island imua,1.0,0.0,0.0
nick intrepid reporting police corruptionabusemalfeasance kaneshiros korrupt klowns believe needing safe house soon thank nick keep please usthe citizenhostages podunk village run imbecile,1.0,1.0,1.0
shoulda given ball moneynow he raider marshaun got screwed fan got screwed experienced snatching defeat jaw victory superbowl victory strait pipe grade boy screaming beastmode beastie dance hand ball beast like duh pick lesser evil ugh russel look great team look great,1.0,0.0,1.0
youre epitome class,0.0,1.0,0.0
lifestyle chosen continue use friend people hang around get like woman said cant trusted believed parent cant trust lose everything endanger love still willing quit one make one person use rob steal burglarize town shoplift everything get hand every day got ta next injection apd step aside say cant anything big box corporate store refuse anything endangering employee giving thief sickening,0.0,1.0,1.0
apparently none realize thousand latino black asian lgbts minority including tha woman voted trump poor little snowflake luckily cold outside would melt hey spring soon enough,1.0,1.0,1.0
parent kid arrived prior kid net immigration obamas tenure going,0.0,1.0,0.0
black make approximately u population commit crime according fbi black homicide victim killed black people honestly protesting,1.0,0.0,0.0
yes white hate nazi communist domestic terrorist traitor trumpelthinskin also civil comment anti free speach communist group,1.0,1.0,1.0
puty awesomest awesomest pecs steel man age macho puty hockey god better entire krutov larionov makarov line combined may poisoned enemy radiation also scored eight goal single game goaltender scared life stop shot either,0.0,1.0,0.0
dont know could predict earthquake irma path announced day satelite picture irma news early sep waste tax money stupid ignorance people let get home,1.0,1.0,1.0
trump doesnt care obama black he white black way trump restored authority congress repealed eos obama used eos law suggestion racism word almost never used left viable argument personal attack character assassination used impunity america looked past childish approachwe leader first time since reagan potus,1.0,1.0,1.0
cheyenne pueblo ugh something constructive run one denver dillon vail,0.0,1.0,0.0
hillary president win,0.0,1.0,0.0
trump woefully ignorant cowardly deceitful narcissic bully completely lack physical emotional stamen nice thing hurricane presence resulted u hear much le trump small child,1.0,1.0,1.0
antifa real fascist silly act like fascist suppressing free speech others violence intimidation yet proclaim antifascist irony doesnt get thicker,1.0,1.0,0.0
sound like loser talk golden calf combovers proven fat rat refrigerator pigging democracy stuffing sagging jowl,1.0,1.0,1.0
cant mess shit shit always win,1.0,1.0,1.0
nasty word action proof needed,0.0,1.0,0.0
read liberal news site fox news trump saying wont appoint special prosecutor investigate hillary clinton said good people referring clinton wow happened lock,0.0,0.0,0.0
two deranged one make sane pot calling kettle black,1.0,0.0,0.0
dont care gender reputable naomi klein completely agree hypocritical liberal sure like flaunting world stage either seemingly personal care individual carbon footprint fantastic woman leader everywhere world doesnt mean cant critical poor one elizabeth cant grasp,0.0,1.0,1.0
stop deleting edits live stoufville located bison park drive youre ridiculous,1.0,1.0,1.0
braddah dont even try pull race card crap,1.0,1.0,1.0
good post hope democrat learning sad sorry spectacle great republican victory dont need left version tea party throwing tantrum refusing budge throwing oatmeal around dining room winning election mean like repuglicans opportunistic liar confabulators operatic scale continue opposition,1.0,0.0,1.0
time remove income tax break professional athlete get go hell goodell,1.0,0.0,0.0
trump childish immature statement curry hardly prima donna responded respect thoughtfulness comment social injustice rampant trump administration trump fuel injustice can not hide behind long standing tradition standing national anthem would encourage player sit national anthem express displeasure action president trump would sign respect important societysocial equality fairness law tolerance quality trump seeking destroy narrow view authoritarian rule according personal value shameful,0.0,1.0,0.0
im defending trump cant say obama brought country solidarity either,0.0,1.0,1.0
debate time whether he pr genius complete moron always settled there way he smart enough create kind diversion,1.0,1.0,1.0
dont think donald able differentiate real wonder could pas memory test poor donald pssy grabbing caught,1.0,0.0,1.0
probably like wont see bill church either liberal hypocritical talk crap trump dont see hypocrisy backing hillary stayed known pervert he always cheated got impeached convicted taking advantage girl twice age trump racist want build wall keep country even debt hillary liar indicted many lie wanted lead country ha ha thank god idiot didnt win hillary committed many crime trump perceived racist liberal hit fan go put head back sand,1.0,1.0,1.0
racist president us platform call son bitch illegally call employer fire klan rally player certainly every right respond,1.0,0.0,1.0
he bad reality tv star reality tv star welcome idiocracy,1.0,1.0,1.0
calling liar gotten far want go visit person necessary would know pay site didnt visit dimwit calling liar gotten far want go visit person necessary meantime take second site put sun dont shine dont care whether remove head first,1.0,1.0,1.0
nope gone far brandon marshall throwing black power sign anthem far,0.0,1.0,0.0
stupid answer typical,1.0,1.0,1.0
get ready order grocery online delivered everywhere vulnerable school church soccer game football game rocktober concert grocery store movie theater restaurant highway farmer market walmart costco rtd bus train diaobviouslycops wont able determine direction shotssnipers fire willpolice casualty ten thousand finishedheld hostage nra congress amendment canada waaaay better usjuarez mexico saferwere talking syria level danger heremaga,0.0,0.0,0.0
trump always stupid slow responder come helping average american sleazy family enriched expense,1.0,1.0,1.0
im happy dang hard police person people would police ask frivolous case waste tax payer money would happen police citizen review board term crap citizen complained b mind,1.0,1.0,0.0
seems like wrong people api greedy bugger always greedy really stupid lose as maybe somebody listen hedge fund blowout never invest property main portfolio bust wasting breath mister cole cant fix stupid,1.0,1.0,1.0
turn milo fellow republican falling defend straight jew hating foreign nazi like one whose butt kicked military wwii,1.0,1.0,0.0
semiautomatic rifle detachable magazine readily available general public year prior national gun law much le strict today scary rifle lax gun law problem werent people running amok rifle year ago,0.0,0.0,0.0
think said opposition bank stupid anyone actually stupid deplorable false equivalency,1.0,1.0,1.0
la vega tragedy kellyanne conway blame obama bernie hillary cnn elizabeth warren quote trump know im like smart person trump youre like smart person way youre unbalanced buffoon traitor,1.0,1.0,1.0
extreme racist vandalism negro last warning next time vandalize page blocked editing,0.0,1.0,1.0
thats mo never intellectual defense,0.0,1.0,0.0
yeah must driving car rammed crowd fucking idiot,1.0,1.0,1.0
get fuck laughing loud pathetic trump cack sucking worst eat cuban missing dick,1.0,1.0,1.0
xbt good point would call national boycott nfl entire rest season gave watching nfl watch college football way better watch bunch overpaid loser crybaby kneeling total disrespect symbol great country fed make law nfl player must serve military two year either first year league watch run border hahahahah total bunch big time loser,1.0,0.0,0.0
he big baby way pout like end world moron would spend half energy trying run country uselessly spends tweeting may actually able accomplish something unfortunately never change childish bully way,1.0,1.0,1.0
allegedly invest thats crock crap,1.0,0.0,0.0
yeah wont pay much job dont get subsidy see people paying refuse work take take take,0.0,0.0,0.0
america white heterosexual american,1.0,1.0,1.0
talent maybe undisciplined absolutely win game average penalty game giving plus yard game six game season zero improvement penalty department see flag guaranteed oregon sorry thats get player play disciplined smart ball victory next week coach get face player screw come jesus teaching moment oregon,0.0,0.0,0.0
quit cutting pasting advocating cannabis talking alcohol disingenuous silly,1.0,1.0,0.0
know jesus defined speaker youre going buybull interpretation story dare presume know jesus defined said pathetic comment pathetic craven insinuation think god jesus would say simply insane babbling,1.0,0.0,1.0
recovery sp project gdp growth recently adjusted downward hardly reason celebration optimism,0.0,0.0,0.0
reek desperation one like around used friend looking someone marry could longedfor baby man make enough money could stop working stay home kid needle say one ever asked second date spending time,0.0,0.0,0.0
zuma doesnt care anc anybody else steadily weakened sucked bleated presidential perogative hide complicity avarice cowardice wanker lot,1.0,1.0,0.0
national disgracewhat worm,1.0,1.0,1.0
lick ball ann,1.0,1.0,1.0
dodger suck baseball always best tv deal outbid everyone player thats relegated parochial position far national interest people watch idiotic rerun youtube far instead world series impose hard cap true revenue sharing spread star around might regain national interest,1.0,1.0,0.0
bronco sucked side ball sunday night embarrassing,1.0,0.0,1.0
suppose either u homework inclined research larger context francis statement made wouldnt guess whether gaffe part well thought thesis something else altogether yes tend interpret isolated statement lens bias ill certainly cop ncr editorial slant make bone wanderer interpret perspective like grist mill im board traditional catholic criterion economic system basically taking away individual choice person freedom honest dignified labor improve hisher condition collectivist system obviously violate principle excessive capitalism especially fueled corporate greed francis isnt pope say jpii frequently well,0.0,0.0,0.0
may suffer way suffered others every way may every person endure suffering caused others intent,1.0,0.0,0.0
fact citizen ontario tarred feathered wynne show restraint ontarians worthy criticism based extremely incompetent performance mismanagement province attempt silence critic silly petty ontario people patient extremely tolerant incompetence,1.0,1.0,1.0
nice agree growth fast furious break due recession mideighties bought house downtown everett almost dead could roll bowling ball hewitt ave sunday afternoon wouldnt hit thing might old drunk sleeping sidewalk wasnt massive heroin epidemic today bone contention cost time frame article give nice description original light rail century ago connected seattle everett year construction could ride electric rail everett seattle started completed voted original rta tax excited learn rail service everett seattle would start later eleven year laterstill waiting still paying,0.0,0.0,0.0
entire cluster fck investigation medium storm im still amazed average american treated complete dolt set aside russia interfered every presidential election last year powerful nation attempted sway outcome favor wouldnt try talking influential country history also governemnt get hand wet whenever country hold election hope favorable outcome nooo must act shocked act perpetrated question motif relation trump ascension power american people treated fool told focus outrage blinded overall geopolitical goal every nation mean would aspire control im tired feel shame since im certain medium democrat show none whole cluster fck go away,1.0,1.0,0.0
poor coachingthis whole crew need go,0.0,0.0,0.0
libs lost go find safe place suck thumb year get,1.0,1.0,0.0
sure sound like beginning end sad,0.0,0.0,0.0
hey ak guy still buy subscription enquirer let go already new crook get elected wow bitter one thing butyou friend edge eye h lesser crook seriously isnt getting rid bill dont chance actually hear going share cell,1.0,0.0,0.0
thank letter,0.0,0.0,0.0
right projecting decry something guilty projecting right gigantic hypocrite voted dump caught tape bragging sexually assaulting woman watched filth like oloofah already know sexual harasser network run serial sexual harasser yet still whine clinton weinstein,1.0,1.0,1.0
novel bible story approached novel ok tentatively unnecessary caveat anyway good show winona,0.0,0.0,0.0
dont know dont know making stuff fly confidence government particular finmin morneau thing certain morneau proven cheat,0.0,1.0,1.0
actually want collect tax pay money state without accountability dollar come,0.0,1.0,0.0
magaphants make even bigger fool suggest read indictment know lot big word also see lot nonsense passing fox news completely wrong keep saying papadopoulos insignificant volunteer read pleaded guilty stipulated true indictment read courage see,1.0,0.0,1.0
make bad dream stop watching trevor qb team like watching slow moving train wreck nightmare truely nfl long t backup demote guy vance fired elway need put notice pick game youre going fired,0.0,1.0,1.0
lowincome family really go national park ive seen also dont go museum library zoo great number,0.0,0.0,0.0
prof he ephebophile well homosexual pederasty long standing subculture within homosexuality,0.0,1.0,1.0
besides irrelevance share one attribute arrogance,0.0,1.0,1.0
remember alberta heritage fund established peter lougheed know subsequent mismanagement royalty year alberta conservative government pillaged generation opportunity save future might single biggest example financial mismanagement canadian history even equalization dole out quebec et al alberta least billion bank today instead zero bank hard imagine ndp could worse id like hear kenney think state heritage fund saving future like norway,0.0,1.0,0.0
agreed quit going reason rip artist,0.0,0.0,0.0
voted hillary,0.0,1.0,0.0
yeah god forbid bunch uninvited illegals come someone el country without permission next thing know theyll handing diseased blanket stealing land raping woman murdering many native possible theyre really terrible people theyll brazen enough call country demand immigrant leave whining like pathetic ignorant selfcentered crybaby anyone else might want come right hell people like might even kill invade people country want theyd probably even call terrorism defending freedom ignorant citizen disregard fact million innocent civilian killed nothing would invading home killing family also considered heroic act defending freedom reserved special civilized people muslim behind opioid crisis american,1.0,1.0,1.0
clear article comment socialistcommunist left want tax cut ignore proceed,0.0,0.0,0.0
protecting condoning alleged behavior im pointing gay bigotry,1.0,1.0,0.0
ah race card typical unless killer black hispanic coincidence right,1.0,1.0,1.0
farleftists control party throwing moderate clinton machine bus shes mea culpa try keep extreme bernie idiot onboard sucking minion party always plan got caught say oh fault still good guy,1.0,1.0,1.0
day silliest federal regulation may well numbered two digit number,1.0,0.0,0.0
hear ya bronco fan need remember lost hof qb hid lot flaw first season defense took last season qb retired winning sb bronco real shot obvious good qbs draft following year finish worst possible position missing playoff game giving worst pick without getting playoff really great qbs market either plus start rebuilding offense wasnt good said play calling could better offense step drop big nono receiver nono offense get field goal range without turning approach let defense work without leaving field day putting back wall turning wish theyd play lynch lose get great draft pick qb,0.0,0.0,0.0
youre right back used one account improve imagebox muslim american african american privacy reason exposed anyway didnt editwar anything,0.0,0.0,0.0
author also reductionistic extreme steubenville specialty truly holythat see abortion essentially issue merit moral discussiona specialty usccb culture warrior also authoritarian type want control environment agendacant take risk god take equips u free willwould prefer obedient theocracyand developmental psych point view immature morally know folk go various developmental stage moral decision making childish dependency cookie jar moralityie mom catch usto developed mature stage common good concern even laying one life one brother ultimate consideration god morally mature person fidelity one conscience something church never mention view doesnt like much,0.0,0.0,0.0
youth suffer brain injury pot responsible legalizing could liable enormous compensation payment hopefully canadian taxpayer pay,0.0,0.0,0.0
jeffery state need prosecute people full extent law use plea bargaining reduce sentence monster isnt fit society ten year isnt enough time monster release run countryside there fixing twisted sexual predator,0.0,1.0,0.0
dont suffer substance abuse willingly engage substance abuse,0.0,0.0,1.0
cdc totally free study prohibited propaganda caught clinton administration cdc hand tied prevent study gun violence come bloomberg source article accurate plain propaganda outgoing president fact cdc study support gun control agenda place contradicted ergo study get politics really think outside scope discussion,0.0,0.0,0.0
voting made difference wouldnt let u mark twain political power grows barrel good night mao zedung discussion subject merely mental selfflagellation,0.0,0.0,1.0
lib troll bunch nonsense harris turned ontario around disaster ndp ontario grew huge economy net private sector job balanced book year since libs totaly destroyed good work harris grateful man need help,1.0,1.0,0.0
matter want blocked hell,1.0,0.0,0.0
concern deletion concerned recent deletion entry especially howard kippenbergerentry posted academically recognised authoratative material entry wikipedia user searching area find valuable find disheartening disturbing done without dialogue also found blocking threat unhelpful somewhat highhanded would appreciate response,0.0,0.0,0.0
bad musher didnt shoot killed dog,1.0,0.0,1.0
flexpipe big steel megapipe much much flexpipe eliminates hurdle hurdle hurdle hurdle hurdle hurdle hurdle merry christmas flexpipe begin profitable return alaska le initial financing package rest downhill flexpipe combine gasline fiberoptic hvdcpowerline one pipe industrial commercial architecture amazing welcome century alaskan goog supergrid asia goog hvdc hdpe read first link see little dc wizardry lot gas could swap power across continent,0.0,0.0,0.0
asylum seeker immigrant seriously think anyone care terrorist filth status try explaining hairsplitting load jihadist apologist tripe family anus murdered im sure theyll appreciate distinction,1.0,1.0,0.0
butbutbuti didnt mean freedom salmon every imbecilic trump lover,1.0,0.0,1.0
left right government view energy sector gigantic piggy bank source political donation respective crony look recently approved pipe line alberta approval carbon tax two big time winwins upcoming donation season,0.0,0.0,0.0
seems truth belong shortlist canadian value,1.0,0.0,0.0
tenacious little bugger cant wait photo,1.0,1.0,1.0
probably found news dished mayor famouslol,0.0,0.0,1.0
one concept came across year ago term white privilege surprised response white confronted term affront race poor marginalised thosed coloured people obvious understand term meant thinking recent u election would like suggest white privilege played significant role voting pattern primarily white male irrational fear generated tide gratuitous statement making america great emphased fear left behind eight year black man president posibilty woman although white much maligned one elite would continue perpetuate slide one privileged class least another four year,1.0,0.0,0.0
block im blocked nanana booboo block dare ya restart rotur start sue,1.0,0.0,1.0
russian comrey arent democrat,0.0,0.0,1.0
hard take anyone serious cut paste link every comment thread self like comment trump snowflake,0.0,1.0,1.0
author seems think natural resource part national economy completely zerosum game unless life tent without heat hunt forage food walk everywhere he pretty much hypocrite easy critical youre livelihood reliant largesse others removed degree economic driver,1.0,0.0,0.0
every time read one post feel need smash head claw hammer,1.0,0.0,0.0
can not reason idiot defenseless,1.0,1.0,1.0
say absolutely nothing response said standard nonresponsive response give meaningful response,0.0,0.0,1.0
hell wrong following flap ciasponsored manual contra advocated assassination north helped arrange job nsc staff vincent cannistraro central intelligence agency officer run agency task force contra following flap ciasponsored manual contra advocated assassination north helped arrange job nsc staff vincent cannistraro central intelligence agency officer run agency task force contra following flap ciasponsored manual contra advocated assassination north helped arrange job nsc staff vincent cannistraro central intelligence agency officer run agency task force contra following flap ciasponsored manual contra advocated assassination north helped arrange job nsc staff vincent cannistraro central intelligence agency officer run agency task force contra following flap ciasponsored manual contra advocated assassination north helped arrange job nsc staff vincent cannistraro central intelligence agency officer run agency task force contra following flap ciasponsored manual contra advocated assassination north helped arrange job nsc staff vincent cannistraro central intelligence agency officer run agency task force contra following flap ciasponsored manual contra advocated assassination north helped arrange job nsc staff vincent cannistraro central intelligence agency officer run agency task force contra following flap ciasponsored manual contra advocated assassination north helped arrange job nsc staff vincent cannistraro central intelligence agency officer run agency task force contra following flap ciasponsored manual contra advocated assassination north helped arrange job nsc staff vincent cannistraro central intelligence agency officer run agency task force contra following flap ciasponsored manual contra advocated assassination north helped arrange job nsc staff vincent cannistraro central intelligence agency officer run agency task force contra following flap ciasponsored manual contra advocated assassination north helped arrange job nsc staff vincent cannistraro central intelligence agency officer run agency task force contra following flap ciasponsored manual contra advocated assassination north helped arrange job nsc staff vincent cannistraro central intelligence agency officer run agency task force contra following flap ciasponsored manual contra advocated assassination north helped arrange job nsc staff vincent cannistraro central intelligence agency officer run agency task force contra omfg ther reference section exact duplicate got rid one fucking moron,1.0,0.0,0.0
diddy fucking killed tupac diddy fucking killed tupac diddy fucking killed tupac diddy fucking killed tupac diddy fucking killed tupac diddy fucking killed tupac diddy fucking killed tupac,1.0,0.0,0.0
meanwhile obama ordered military poland imbecile trying much damage possible exit,1.0,0.0,1.0
come full crap judge know better give break lose job deserves spade unfit trusted hell become judge first place,1.0,0.0,1.0
called fake news think china told fake,0.0,0.0,1.0
pnw mike three round burst mode happened variant earlymid weapon marine corp recruit training know,0.0,0.0,0.0
wow leading team throw mercy trump surely wont take wonder boy along would totally disastrous squared stature representative make totally embarrassed canadian,1.0,1.0,0.0
ive got ammo willing donate sentencing portion dealing scum earth,1.0,0.0,1.0
simpler idea abolish scheme like fuck home owner grant subsidizes home owner tune million dollar per year nonproperty owner renter subsidize property tax bill home owner seen house price increase eye watering pace,0.0,0.0,0.0
never underestimate ability bureaucrat wreck havoc er probably half dozen independent investment manager im sure good sadly vast majority active money manager underperform average cited done year mystery malfeasance,0.0,1.0,0.0
great business would owner sell wait money raised going straight pocket benefit company indeed seem much appetite issue hot ipo closed usually couple hour since institution take huge chunk one still open hour looking retail sucker,0.0,0.0,0.0
yesterday pierre mcguire made sure hockey fan city montreal edmonton winnipeg ottawa hate gut going forward even may hate nowhe montreal sport radio tsn called auston matthew player game sidney crosby right nowi love sure agree matthew future leaf teammate still slightly better comparable,0.0,0.0,0.0
congressman lewis enough president conceded election trump legitimate winner trying revive worn russian claim without evidence attempted interference changed vote slightest simply ridiculous bask glory century past civil right leader long position play max recent dissent house rule change speech jan lack attendance inauguration make difference whatsoever time move john either antiquated way thinking retirement,1.0,0.0,0.0
trump pussy,1.0,1.0,1.0
wall supporter wall supportersneedless say deceptive unethical,0.0,0.0,1.0
nice try public business playing sleuth google try find alaska statute author alaska dispatch clearly elaborated fragment found proof chosen photo article show pro lbg parade member rainbow banner would take article infinitely seriously least truthful intent article,0.0,0.0,0.0
fool would think u president need canadian order damage canadian economy,1.0,1.0,1.0
rubbish say hang havent heard comment like male acquaintance since fourteen year old trump year old said honestly defending attitude word deplorable,1.0,1.0,0.0
exactly,0.0,0.0,0.0
protect article subsequently deleted history new page eradicated section split original article summary section left original main article top contain link newly created page easily achieved mainnewly created page name template,0.0,0.0,0.0
youre getting quite yet since relevant passage read conviction quashed four year later ground confession police officer improperly admitted evidence since youre quite close strand dont pop round judge library near bear garden ask day pas research purpose tell youre contributing encyclopedia article want get fact straightkiwiexile dmoz,0.0,0.0,0.0
good first start immigration expert said year need start flow people second step provide path citizenship u year,0.0,0.0,0.0
levantine arab white complete moron white latin american page shakiras photo halfarab,1.0,1.0,1.0
hope,0.0,0.0,0.0
irony much seemed qubcois accent started fire shot yelled allahu akbar,0.0,1.0,1.0
save nonsense email clearly exposed chosing leave data support agenda gw,0.0,0.0,0.0
muslums ive lost freedom tsa,1.0,0.0,1.0
give restyou dont jerk every minute day,1.0,1.0,1.0
married child raising child cost catholic school diocese regionalized parish support catholic school region parish success catholic grade high school college advertised quick clip use tv public transportation would permit ita ad bus subway catholic high school student go onto college posted compared public school charter school,0.0,0.0,0.0
careful say charles klamath fall adam cousin,0.0,0.0,0.0
yeah stupid melty snowflake,1.0,1.0,1.0
dont care go end product dont think support mining operation anywhere world unless single prospector gold pan isnt time move,0.0,0.0,0.0
csd onla gay,1.0,1.0,1.0
good see american pushing back obnoxious idiot trump let hope make trump can not govern way want,1.0,1.0,1.0
first foremost one right show another country taken second north america cant take everyone else world cant economy can not absorb billion people keep chugging along well end third world dont want great people world awesome smart friendly folk nationality ethnic background religion also really horrible excuse human being dont want country question isnt religion question value culture equal better others dont want people wholl go grain dont mean avoiding pork mean real rape culture honourkillings thinking homosexual need die tribalconflicts shouldnt hate someone religion shouldnt accept unacceptable someone attached word holy tradition,1.0,1.0,0.0
put crazy person jail rest life set example case anyone dare something similar,0.0,0.0,1.0
monsieur kettle blacksayethmadame pot,1.0,0.0,0.0
dear father thomas need identify america raoul wallenberger said dramatic effect also recommend reading raoul wallenberg heroic life mysterious disappearance man saved thousand hungarian jew holocuast ingrid carlberg one man huge heart inspiration holy spirit saved camp oft time learn used save others discernment work way consider many saved homeboy one huge heart many taken model reach simply blend another neighborhood ahh dont forget underground railroad model either dear friend would say peace good,0.0,0.0,0.0
whats hilarious annual edit become permanent fixture hundred website search everybody draw mohammed day annual event youll get hit almost quoting wikipedia favorite video go burning half million koran screenshot wikipedia showing annual verbiage love,0.0,0.0,0.0
extreme view see potential future integration issue boy soccer team threatens forfeit match religious reason opposing team two female player wonder plan work society treat men woman equal islamaphobic point political islamist incompatible liberal secular democracy freedom expression including satire gender equality freedom sexual orientation foreign concept among member oh see canada embraced islamist islamist one progressive shamelessly naive misogyny paraded religious piety defended term cultural relativism gender segregated mosque pressure wear headscarf religious piety double standard demand sensitivity compared religion canada liberal secular democracy society governed islamic law,0.0,1.0,1.0
wonder anybody notice emperor clothes first willing give trump benefit doubt see act sworn going end well huge catastrophe hope wrong thing increase trump instability insecurity inequality,0.0,0.0,0.0
trump team admitted using private server trump team announced email secret nothing expose total complete lack ethic more right wing look action face reality theyd soon face valueless hypocritical liar,1.0,1.0,0.0
explained x somehow clearer simpler objective x best known explained insisting putting opinion article stupid distinguish fact opinion thats remarkable handicap someone editing encyclopaedia really learn difference mean time perhaps next edit indicate moronic crusade,1.0,1.0,1.0
oh bet little boy go stair mummy made lunch,1.0,1.0,1.0
nationalist editwarring language kingdom yugoslavia serbocroatian serbocroatoslovene alphabet use throughout actually primarily cyrillic present source confirming banovina croatia housed large serbian population exception stop vandalizing article using civil flag opposed state flag per standard usage per kingdom yugoslavia article among others source abundant regarding flag civil flag talk,0.0,0.0,0.0
people like reason wikipedia useless well done,1.0,1.0,0.0
fuck gon na make list make sure include dont change shit aint coast put rapper move,1.0,1.0,1.0
pastyfaced fannybandit give handjobs crack also love take as random guy weekend,1.0,1.0,1.0
fggt know fggt know fggt know fggt know fggt know fggt know fggt know fggt know fggt know fggt know fggt know fggt know fggt know fggt know fggt know fggt know fggt know fggt know fggt know fggt know fggt know fggt know fggt know fggt know fggt know fggt know fggt know fggt know fggt know fggt know fggt know fggt know fggt know fggt know fggt know fggt know fggt know fggt know fggt know fggt know fggt know fggt know fggt know fggt know fggt know fggt know fggt know fggt know fggt know fggt know fggt know fggt know fggt know fggt know fggt know fggt know fggt fggt know fggt know fggt know fggt know fggt know fggt know fggt know fggt know fggt know fggt know fggt know fggt know fggt know fggt know fggt know fggt know fggt know fggt know fggt know fggt know fggt know fggt know,1.0,1.0,1.0
space period bucket head suck much carbon monoxide,1.0,1.0,1.0
reply hello thepeg grave injustice stupid question stupid answer cheer,1.0,1.0,1.0
ya bggdbhbgbdghgggbdggbsbgsvdbdbbdgbddbdhfhbspam ya sggybgbgygbuybugygbuygybbguyigbbggtfvucrtesrwearewewrdcrfvbkhf,0.0,0.0,0.0
ip dislike alot see topic discus earliest convience additionally friend think say gayfag respond inquiry,1.0,0.0,0.0
oh god captain jimmy wale wikipolice coming get im scared im pissing pant shut piehole silly little ponce,1.0,1.0,0.0
oh god thought last freak fucking nerd take cake,1.0,1.0,0.0
eric there time go beyond pale personally point life couldnt care le free knowledge great love project crap thats coming fuck amazing writer even get hammered nice shit doesnt diminish youve done dont hate kid trying young bold year ago thank given personally greatly appreciate,1.0,1.0,1.0
problem identify quote make point want included article way say article talk page forum airing anyones opinion subject discussion edit page im sorry entry incomprehensible talk,0.0,0.0,0.0
