id,text,ground_truth,predicted_clean,class_1_prob_clean
0957b876b841f026,tag placed ian roussel requesting speedily deleted wikipedia done page appears meaningful content history text unsalvageably incoherent think notice placed error may contest deletion add top page existing speedy deletion db tag leave note page talk page explaining position please remove speedy deletion tag page created test please use sandbox experiment would like feel free leave message talk page question,0.0,0.0,0.2662316858768463
0d4b18b678d0ed05,believe refers clinical trial arbaclofen think variant baclofen treatment autism company seaside reference,0.0,0.0,0.3825710415840149
0fcd54fcf0ff01a0,im helping reader wikipedia see medal table messy without logical organization bronze medal first gold second silver third mixed date order dont help nobody suggest ignore crazy consensus,1.0,0.0,0.4236895442008972
1002198,find someplace sneak negative dig,0.0,0.0,0.45390674471855164
1003089,chip cent worththe state pay pensionsneither teacher cop public employee taken paycheck year teaching invested paid back u monthly basis retirement check money saved invested u like retirement plan may may social security paid paycheck expect back someday union state retirement system negotiate medical insurance premium paid partially u partially trs pr agreed low income folk need dividend cheap pay little state income tax go live another state best look tax structure first find living ak one best deal around legislator care live neighborhood agree plan huge,0.0,0.0,0.36058253049850464
1018103,conservative,0.0,1.0,0.5392488241195679
1028268,jane griffith helping open lot door woman canada,0.0,1.0,0.5012211203575134
1055193,thousand retirement home canada retirement concept privately run chain retirement home dont like putting parent find another senior home nobody forcing anybody send loved one retirement concept,0.0,0.0,0.3711174428462982
1075155,great best tourney humble thankful proud remember represent aloha state,0.0,1.0,0.5036203265190125
1078827,answer propaganda video john coleman weatherman climate science skeptic make claim back climate system kind warming pause every year since set new warming record rest say political rant similarly refuted happened since least shell party youd expect exaggerate issue maybe even downplay bit especially back still uncertainty,0.0,0.0,0.3900098204612732
1082268,wow wow get help please,0.0,0.0,0.41160285472869873
1083740,ironic pierre trudeau early brought capital gain tax son seeking improve,0.0,0.0,0.4928417503833771
14a29bf1e8bab2a5,thanks man know word get mixed idiot thats get type fast,1.0,1.0,0.8244543075561523
1cd1489e7912319d,announced release reading announced release section ive noticed alot actually announced smell load bullshit,0.0,0.0,0.44122830033302307
204f27d34fb3a9e7,read poland spent summer krackow amazing folkscountryenjoy safe travel talk,0.0,0.0,0.34585899114608765
223c307e95ba8fcb,hypocritical award noticed barn star christianity user page called holy scripture folktale rather inspired word god oh shame,1.0,0.0,0.46363094449043274
242478,wasnt,0.0,0.0,0.29419559240341187
256416,tired argument could fire state employee would still deficit stupid comment informative relevant could tax income sale sin would come close government appetite waste money alaska government bloated excessive wasteful like goldfish grows size environment budget grew amount oil produced appreciate senator attitude diligence effort around block unfortunately greenhorn governor idea governor huff puff like press tantrum three branch government fortunately,1.0,0.0,0.42655429244041443
260889d933acfa05,as piece fucking shit mother frisco dike fuck dollar also dad jiggalo,1.0,1.0,0.8004276752471924
26b8716d9cef3664,lost civility started outrageous fucking liar fuck liar burn hell fucking blasphemy leave stop fucking lying,1.0,1.0,0.6505610942840576
270547,well youre listening read understand reduce stupid go bernie,1.0,1.0,0.7337226867675781
274821,either people lied cost city hall city council bunch imbecile forgive blunt,1.0,1.0,0.5260270833969116
276030,dear penthouse letter something happened yesterday want share like normal day except happened eating next group model couldnt help notice taking break photoshoot advertisement extrasudz sensual soap work asked innocently enough,0.0,0.0,0.46070170402526855
283057,divert money big salary increase,0.0,0.0,0.3058742582798004
285415643e6f3e9e,bite quit changing quote,1.0,0.0,0.2811411917209625
299105,getter done,0.0,0.0,0.4547785222530365
299112,donald totally delusionallike lock delusional guy nut one supporter say would want next door neighbor wouldnt guy cop always coming forthe guy yell kid getting lawn threathens people call cop youre beer bbq loud said neighbor guy always telling thatwith place guy pain guy look every picture last year look like crazed loon yell,1.0,1.0,0.5525473356246948
2bd2d9e9ed44bf26,please refrain removing content wikipedia transitional fossil considered vandalism want experiment please use sandbox thank melmac,0.0,1.0,0.5071843862533569
2c7006dd603bf30c,true youre mentally ill quadriplegic talmudic kike,1.0,1.0,0.6437098383903503
310492,hahahaha thanks laugh poser goofball grifter came scam alaska,1.0,1.0,0.5225271582603455
317740,tacky plain rude,0.0,1.0,0.7081811428070068
318333,im local businessman worked leonard pretty stand guy wont hurt springfield growth pro biz direction expect one day springfield overtake eugene biz hub center lane county trust decision eugene city council much trust hillarity,0.0,1.0,0.5234099626541138
320177,umed road v anchorage port,0.0,1.0,0.5257940292358398
3211f17c14f52892,swami nithyananda man seen face saw proposal oppose move nithyananda sarcastically denied adminlol dude pathetici think ringess like playing role devil advocatebut pacino even reevesi bet dont even gf nowmust loner way vandalising page expressing thought proposal oppose move denied first step dudeyou face lot way rolling floor laughing saw post requesting admin please revert moveconsensus takenand see work said report somewhere appeal man yuo pathetic,0.0,0.0,0.3525948226451874
328056,actually atf agent question fired instantly charged impersonating officer reckless operation vehicle creating public hazard government vehicle plate recorded available agency quality atf personel atf need disbanded hire true professional,0.0,0.0,0.3158226013183594
3422a6d701b2bed7,thanks busy right good luck,0.0,0.0,0.37838637828826904
356cefbae1bd5d9d,selfhating jew think current text article may stolen copyrighted ku klux klan encyclopedia entry nigger lover look,1.0,0.0,0.43637320399284363
360345,sure baby sitter use drug want time long shes sober shes watching reply statement close home someone advocate someone god given right use plant necessarily mean indulged plant see unlike care people personal right want long doesnt cause harm others someone chooses use plant privacy home harm traffic accident mean intoxicated nothing story cab driver indicates intoxicated thought one intoxicated pd need called charge duo reply needed,0.0,0.0,0.32258719205856323
374148,slippery slope popularity hash oil rise butane flammable solvent often used make potent marijuana concentrate report cite recent investigation oregonian butane hash oil identified nine major bhorelated explosion since including one killed portland man liquid thc production incidence butane hash oil lab explosion expected rise market expands marijuana edible demand increase product strong psychoactive effect report note,0.0,0.0,0.3833218514919281
382027,sheer number blackonblack murder occur every single day place like oakland chicago apparently african american didnt get blacklivesmatter memo every single day person shoot kill another basketball shoe drug territory woman cheating dice game wearing wrong color crashing party shooting killing even baby child neighborhood rival estranged spouse relative many incident person committed crime resists arrest crime interferes investigation often escalates police use force life surrounding public life immediate danger family sterling still refuse acknowledge son brandished firearm intimidate fend transient begging money called sterling resisted arrest ill save sympathy deserve,1.0,0.0,0.46184709668159485
391224,thanks guy,0.0,0.0,0.4501478672027588
398834,take joke maybe,0.0,0.0,0.2513173222541809
400242,love homo urban dictionary term endearment saying love friend friend say accidentally let love slip,0.0,0.0,0.3955039083957672
400392,load crapbernie enthusiastically endorsing secretary clinton convention leave larger lead already next week resemble abortion trump produced,1.0,1.0,0.6912583708763123
407244,akathe truth,0.0,0.0,0.3684220612049103
421911,depends whether crime rifle drawer permission rifle crime raise question underage invite someone dwelling sex statutory rape crime definition burglary statute dad use deadly physical force rapist entered lawfully permission intent commit crime,1.0,1.0,0.5425269603729248
426889,weird comment lie paranoia full paranoia repeated lie calling liar per se indicating mentioned lie used antirights lobbyist,1.0,1.0,0.7015241980552673
42c46f70116219ae,ive found earlier case existence coercion test spending clause steward machine company v davis came year dole im inclined change link holding think usually best go earliest precedentsetting case possible wiki page happens detailed one dole hand dole recent probably referenced discussed blog classroom steward hadnt heard recently objection change,0.0,0.0,0.319754421710968
432712,one word wikileaks hillary selling influence position america highest diplomat whether fund went non profit dropped briefcase front door step irrelevant corrupt compromised candidate ever run office hatred trump love leftist policy never change even american dumb enough give key white house,1.0,1.0,0.6152867674827576
434707,aw little dicky balloon popped one fantasy likelys turn rubbish usual bobo clown tagteam champ adn,1.0,1.0,0.5701922178268433
437926,first prayer inappropriate government function nope false pouting much doesnt make statement true second christianity absurd ah dont like must absurd cant first person difficulty taking seriously arrogant part christianity delusional hate singh prayer faith country built elected official pray anytime anywhere there nothing stop,1.0,1.0,0.5314739346504211
455450,youre bringing race angle discussion either way warped sense family value,0.0,1.0,0.571285605430603
459621,well u millenials raised old hag say lot yalls parenting,1.0,1.0,0.6335014700889587
461387,ag clean power schneidermans jewish law school training quite comical like alaska ag corrupt power blame exxon never wonder exxon couldnt fire joe hazelwood moved ny texas work every corrupt bastard drunken jewish lawyer club never look back yard every corrupt politician life state legislative governor mansion heat moron would hang jesus call clean power amendment,1.0,1.0,0.7545371055603027
462291,vote alaska go designated polling place go person table book name voting place find name list show id picture id sign name name id person know get vote felon get vote wasnt legal vote election worker allow someone vote whose name list whose responsibility assure felon dont votethe state felon,0.0,0.0,0.4010659158229828
462970,oversimplified overstated accurate born much changed drug around jrsr high school crime plentiful enough joy still love state scumbags wont taking away,1.0,0.0,0.3835354447364807
4646e07f00b22a2c,jeff g faggot well j delanoy suck others cock gurgle aid infected semen passionately smug nigger loving liberal jewbags,1.0,1.0,0.7493235468864441
465777,way mueller youre right trump cant screw thing thats voter wont give chance,0.0,1.0,0.6749983429908752
466024,hilllarious antiwar progressive dont fooled war make buck deranged lunatic,1.0,1.0,0.546611487865448
4967551,excretement give extra flavor claw back siu haccp plan since,1.0,0.0,0.41725051403045654
4991185,issue though bias public interest example recent exposure sexual assault primarily dismissed often taking patriarchal view harm already done le harm would done pursued argument number lawyer expanded currently limited law school cost go resource address triage area process support argument expanding law school number result lower cost,0.0,0.0,0.30514171719551086
4993515,kidspeed ac dumped brazilian jet favour bbds cseries originally delivered operated regional affiliate sky regional actually expanded fleet remain service traded boeing part deal sine wont start arriving ac done short term lease airbus aircraft,0.0,0.0,0.38374635577201843
4997490,say bad flatout lying say vaunted religiosity clearly allows arrogance dishonesty ignorancewhen deliver churchlady sermonettes live christian life one lying,1.0,1.0,0.5599755048751831
4a00039454c188c4,note unrelated thanks change page regard war many thanks,0.0,0.0,0.4102778136730194
4ed405460be59b24,wonder one gain credible source event happened time ago though mention swimming club history page doubt whether site could classified credible advice please,0.0,0.0,0.486909419298172
5002176,based recent history church seem fondness making saint people protected pedophile priest even rewrite rule get crowned,0.0,0.0,0.3539394438266754
5003076,white house budget director mick mulvaney told msnbccoverage end people dont get better coverage get better care probably also support gun lobby logic gun dont kill people,0.0,1.0,0.6451764106750488
5006772,horrific moral decay woman last year surprised invite maybe bb ride ponyis wonderworks ex priest bail poor guy maybe lesbian honest thats great way woman scare would attacker holler im lesbian he gone,0.0,1.0,0.574862003326416
5008287,wiliki lie fire wiliki,1.0,1.0,0.651159405708313
5010276,gong show wish simple world laughing whole heatedly u nobody ever look country respect previously,0.0,1.0,0.6199888586997986
5013670,wouldnt suggest minute never would argue balance severely lacking many issue like restorecsa question worthy attention getting laughable dont think dismiss questionable conduct government entity industry story thats rather frightening actually doubt though pay bill million reader apparently alex jones,0.0,0.0,0.43561550974845886
502213,dont recall alone fix word ridiculous trumpery,1.0,1.0,0.7577822208404541
5029272,doubt wrote great song course greatest guitar lick ever however everything ive read kind man mean never respect,0.0,0.0,0.44537168741226196
5032320,least point dont bet going forward time live fact intelligence agency brit dem repub leader congress everyone half clue know trumpster lied wiretapped better reconsider lay low dude dont go idiot president,1.0,1.0,0.6747887134552002
5043124,reload gun point head shoot problem solved,1.0,0.0,0.33153319358825684
5074863,one year judge chickensht make example political scum,1.0,1.0,0.5072691440582275
5076217,sure tsa opinion relevance incident ive never seen guarding outside lawn occurred,0.0,0.0,0.4301575720310211
5078221,father yelled back thereproblem solvedas long want yell solve problem right child yelled father performed spoiled child yell parent,0.0,1.0,0.5991645455360413
5088420,get drunk pas wallet stolen assure get le sympathy general police stone cold sober,0.0,0.0,0.4067642390727997
5096648,rich chinese people buy build mcmansions mainly living china problem sure nice people,0.0,0.0,0.40148982405662537
5104501,united state government cant fix country problem sure try fix country problem,0.0,1.0,0.581622838973999
5110678,right dont automatically mean free economically mean free vote anyone anything ballot frugal people end short end month go store drop ballot drop box way work back either see duty vote privilege choice free,0.0,0.0,0.438581258058548
511730,time democrat close primary republican like republican respect democrat number year ago thus ensure minimal republican meddling democratic primary reduce chance dinos prevailing reduce chance precinct worker error one stroke,0.0,0.0,0.4492296874523163
5122184,allaha nobody said maybe youre aware word black six time likely nonblack commit murder emphasis added course didnt mean black choice word imply black extension black six time likely commit murder implication since cant trust black shouldnt trust word powerful careful use issue isnt meant say message perceived others reader im trying give feedback word came across perhaps others,1.0,0.0,0.35918188095092773
5128110,white house applies pressure china changing facebook relationship status complicated,0.0,1.0,0.6990616321563721
5133418,absolutely believe real presence christ eucharist also believe christ present scripture community catholic teaching tell u three worthy equal reverence unfortunately often get missed especially community priest ordained sacrament better u fact jesus said quite opposite would live teaching clericalism place priest laity set apart separate priest told got go heaven anyone else simply virtue ordination regardless state sin upon death priest ive seen lauded mistress fact jesus call service serve least union serve thankfully priest support culture clericalism even trying change,0.0,0.0,0.41346850991249084
5143397,depends determining sent back data border various country listed likelihood staying,0.0,1.0,0.5077738761901855
5166529,see loser left wing hater trump humorless one funny,1.0,1.0,0.7664452195167542
5169911,hahaha upswing ive seen nothing show upswing go look comment around election time source give obama failure bush failure clinton failure never said clinton started war drug however rightly point expanded changed ending disaster expanded next since fact site edited absolutely anyone better anything come pull head as,1.0,0.0,0.37449777126312256
517022,dig hole must living past year might realize fact trump reason conversation always trump whenever story change make another deplorable yes said statement keep focus also fan hillary bottom line screwed,1.0,0.0,0.43638285994529724
5174339,need america drain thier sewer mexico,1.0,1.0,0.5812944769859314
5174686,uh plenty woman learned pee standing surgery trans woman longer penis dont little research subject,1.0,0.0,0.38570791482925415
5185478,turbulent time need wise canadian spending neither federal liberal ontario liberal need focus canada economic competitiveness must also include alberta ndp statement,0.0,0.0,0.2667195498943329
518822,black catholic america far common black catholic globally probably majority black people,0.0,1.0,0.5978370308876038
5188830,dan comment breath fresh air great dose needed rationality proceeding good point writing article simply positive aspect hawaii might well note point point certainly salient mei attended graduated mckinley high school one oldest public high school state point also important took astronomy class attending college uh system great thanks excellent list,0.0,1.0,0.5145778656005859
5189485,voice prolife miasma,0.0,0.0,0.45492491126060486
520085,muck shut larry dont get responding anyway,1.0,1.0,0.5040713548660278
5204912,wow another hate usa stupid post loser usa helping protect south korea others around part word,1.0,1.0,0.768805980682373
5206932,ok question citizen also christian christian proclaiming god never fails response favourable court verdict court plea different muslim stating god great respect positive negative human activity seem absurd,1.0,1.0,0.6423441171646118
5220114,jennifer johnston act like sort political parrot sycophantic seizure attempting anything get attention gain power right wing ideological nut ill bet would present kind thinking error logical inconsistency multnomah,0.0,1.0,0.6232320666313171
5230094,trump thats,0.0,1.0,0.5708956122398376
5241490,strange there comment though soul seen article,0.0,0.0,0.35617855191230774
5269905,logical inconsistency comparing family choosing take action based intimate knowledge loved one need remove potential threat include gun easily key gas line one opposes law empowering law enforcement based mere allegation third party without requiring showing personal knowledge situation due process even notification affected individual see private action state action two different thing right one applaud latter oppose former,0.0,0.0,0.3212343454360962
5275680,part hv kind question requires teaching authority church new deeper reflection principle moral teaching marriagea teaching based natural law illuminated enriched divine revelation member faithful could possibly deny church competent magisterium interpret natural moral law fact indisputable predecessor many time declared l jesus christ communicated divine power peter apostle sent teach nation commandment constituted authentic guardian interpreter whole moral law law gospel also natural law natural law declares god faithful observance necessary men eternal salvation,0.0,0.0,0.35777172446250916
5277508,never hold charter challenge hopefully application charter biased document particularly straight white men likely main target review wouldnt hold breath considering political climate judge make offhanded misogynist comment taken bench make offhanded misandrist comment lauded progressive opinion,0.0,1.0,0.7391753792762756
5281361,sorry dont think smart think hunch simple observation post,1.0,0.0,0.3696674108505249
5282155,boy alt left lunatic easily exposed stupid sad,1.0,1.0,0.8237742185592651
5292109,cowed populace wont face fact muslim terrorist committing act terror support islamic goal instead submitting islam demand need leader take action deny new mosque building strip away special islamic school deny islamic prayer public school muslim show adopt modern society give anything demand yes profiling group punishment drunk driver profile punish potential terrorist,1.0,1.0,0.525915265083313
5295054,russian tried influence u election pretty inept hillary clinton supporter far damage campaign alien could done plus hillary preferred successor feckless obama would provided continuing mirth russian continued defy figuratively spit face like obama putin isnt happy trump blasting client assads force essentially setting autonomous kurd region syria,1.0,0.0,0.4599400460720062
5299053,gop loser,1.0,1.0,0.7151690125465393
53030ad42aec36cd,oh found knickers kev said fuck idiot edit summary first defacement talk page roflmao thats brilliant nice work kev making friend already p please make friend le crazy type wikifascist please xaidenx,1.0,1.0,0.826858639717102
5316254,andrew,0.0,1.0,0.5938360095024109
5318435,think thats called straw man fallacy create absurd caricature opponent argument handily knock nice try though,1.0,0.0,0.45113733410835266
531912,need university place produce people think rigorously act justly complex thing communicate unambiguously intercollegiate athletics program may support effort indirect way already cut continue cut program support goal directly passed point support activity support indirectly,0.0,0.0,0.39224880933761597
5330680,professional entertainer militaryindustrial complex sorry family loss career choice freely consciously made,0.0,0.0,0.37154674530029297
5332769,obviously mentally ill,1.0,1.0,0.5473411083221436
5333646,found politics baby boomer collegial respect side must joking globe comment section heavily represented boomer easy tell frequent reference idyllic past opposition idea hint change smallminded whiny craven creature million dollar home cottage defined benefit pension plan pampered cradletograve service resentful world changed national anthem got mine dont want anyone else get piece pie word like immigrant tax trans cbc human right trigger paroxysm seething anger boomer cry sleep every night asking cant thing like used collegial antithesis fortunately younger leader show boomer time stage almost done,0.0,0.0,0.493196576833725
5343592,ya thats lunatic cant refute fact attack messenger matra left loose argument pathetic always bud,1.0,0.0,0.45674121379852295
5356435,topic far left popublica dillwinkle must mile high altitude combined tds stage,0.0,0.0,0.3563237488269806
5363139,post disagree anyone say something disagree want star write comment agree thoughtful bigoted indicates open mind enjoy real discussion comment contain statement like liberal believe conservative believe womenmen believe discussion dislike prejudicial statement issue today can not solved simply anyone solve problem demean side view,0.0,1.0,0.5065893530845642
5368600,paid head tax took,0.0,0.0,0.2983967959880829
5377580,deforestation air pollution due enemy mankind rampant irresponsible multiplying darn overpopulation premature death due many cause incl heatwaves upon u impending well deserved,1.0,0.0,0.48089778423309326
5382270,tom ayres sort answered question cant fathom conservative opposed wind cost competitive dont dig fuel exactly wind solar nobody making billion dollar digging pumping fuel donating large chunk money conservative political group mining oil gas corporation completely loop,0.0,0.0,0.3626060485839844
5390319,world would ever know trump comeys testimony cant find enough negative thing say simply start making,0.0,1.0,0.7287654280662537
5391431,reminded american aerospace industry collapse avro arrow nasa boeing lockheed snapped canadian male aeronautical engineer help create modern fleet flying machine silicone valley california many male canadian geek software computer engineering simply outlet talent buy back apple miss intel thing designed canadian soon even fewer opportunity men bursting idea canada,0.0,0.0,0.42995452880859375
5405249,one big impediment starting coop price oil tanked high cost retail space anchorage longer true old carrs anchor store sits vacant sears mall old natural pantry location formerly safeway sits vacant mall old seward hwy habitat leaving mall month vacancy rate commercial property anchorage soaring price soon affordable startup like food coop perhaps time start organizing,0.0,1.0,0.5541019439697266
5409049,except meeting disclosed authorized previous administration think term negotiating foreign government especially one adversarial unauthorized citizen logan act law federal law meaning federal law potentially broken,0.0,0.0,0.355325847864151
5413847,dumb dumb donald tweeted following least wounded terror attack mayor alexandria say alexandria safe dumb dumb tweeted pathetic excuse alexandria mayor think fast alexandria safe statement working hard sell tired winning,1.0,1.0,0.8281797766685486
5413888,thing happened way would reading paper japanese,0.0,1.0,0.6709651350975037
5414455,another unhinged leftist,1.0,0.0,0.45012685656547546
5417013,clowngeneral kelly put lite weight thankfully senator california responsible anything consequence,1.0,0.0,0.34030887484550476
5418923,hey islandfever im mckinley think feel alma mater absolutely worst winloss record last year location near ilh school whereas kahuku mile away therefore get keep athlete whose parent dont want make hourplus drive hard keep level athlete mckinley said recruiting going go away oia school wouldnt surprised farrington player live mckinley district there recruiting there always going school left behind thats business everyone need step game,0.0,0.0,0.380206435918808
5419836,correct term prima facie meaning first sight investigation selfevident president national television le said fired comey end russian investigation face obstruction justice whether enough evidence find guilty would reckless investigate trump claim interference,0.0,1.0,0.505272626876831
5419964,word behavior rude see term applied anymore always labeled sexist whatever harris badgering comey session criminal actually seems criminal better treated devos merely trying job charmingly reaching across abyss aka aisle hounded shabbily definition feminism include idiotic hypocrisy woman espouse feminist mean beautiful well intelligent freely pursue interest without restriction woman certain age encountered share closed door response always keep trying one open eventually dont need act like demented bag lady get want bring back civility please,1.0,1.0,0.5822179913520813
542190,press avoid issue press job let government step around thier mess job press,0.0,0.0,0.38695454597473145
542806,pay bill smaller lighter church paraphrase archbishop paul marcinkus cant run even remnant church hail mary,0.0,0.0,0.4823247790336609
5431378,nothing fake news shouldnt worry inquiry right,0.0,1.0,0.6266199946403503
5437208,shoot back thats okay im curious time wanted shoot someone back thought would get trouble theyre fleeing longer defending life property,1.0,1.0,0.508819580078125
5438063,monsef,0.0,1.0,0.7218957543373108
5439328,ill bet least half people rd whinging conservative,0.0,1.0,0.507828414440155
5445501,like defenseless brit slaughtered muslim present maybe yur muscle stop moving truck mine cant,1.0,1.0,0.7908774614334106
5447787,another person blaming store liberal ever believe self responsibility responsible action one else,0.0,1.0,0.7238441109657288
5461745,usa also help wake stupid government fuck liberal opening office china profit selling u personal profit using public money,1.0,1.0,0.7034696340560913
5465684,irt plant tree keep hawaii world cooler great idea could beneficial tree provided food people eat addition benefit mature tree growth lot reason city discourages food bearing tree maybe decision could revisited low potential harm fruit tree could added recommended list,0.0,0.0,0.4573671817779541
5471199,hiding really going pretend combatant well usual people canada funding hired killer need public knowledge killer hire uncanadian exactly complain hypocrite,1.0,0.0,0.38442644476890564
5471232,nah got ta find data one interested rememberi dont work youre interested look present good reader cb digestconfirmmassage info come informed opinion post said harsher sentence dont make u safer seems onus support contention left whip fervor given issue snicker behind scene think easy unlessyou already information ready anyone willing bite bait countercomment nope south shore da la week going sandys today good workout,0.0,0.0,0.41756945848464966
5479887,remember bill maher praised hijacker bravery im sure victim family hey billy boy got ta make living armed security detail luxurious mansion pussyhats dont pay,1.0,0.0,0.4213618040084839
5482840,entering samesex marriage reject catholic faith engaging perverted sex act distinct additional sin paprockis norm require inquiry people private,1.0,1.0,0.5011899471282959
5493013,wall ant overheard white house,0.0,1.0,0.5428553223609924
5495804,im surprised,0.0,0.0,0.41092538833618164
5499090,remember conservative pundit wrote opeds bho putting foot oval office desk decrying demeaned office dignity restored guess,0.0,0.0,0.37028762698173523
5509053,live nine mile superior,0.0,0.0,0.3579472005367279
5509188,next senate seat independent friend justin,0.0,0.0,0.43228545784950256
5517128,reagan flooded u cocaine focus law violence black others didnt like gear huge profit new exploding prison system destructive systemic nastiness make heroin seem like really good thing,0.0,1.0,0.5680743455886841
5527366,asian country asian black country black white country everybody thats genocide antiracist codeword antiwhite,1.0,1.0,0.622801661491394
5537482,almost onethird working field education chance chose field poor prospect job people entering work force graduation always battled find way entering workforce per article born mean theyve entered workforce age think see root problem,0.0,0.0,0.35940927267074585
5542950,think loonie called strongest currency world number reason need discus jt liberal care harper et petro dollar nonsense said knowing elected appointed idiot think loonie dead man bounce holding u everything bought back loonie respect deserves adjust year end one think cent buck winning trade u anybody worth salt would peg canadian dollar u dollar par sick u buck rest world love old greenback ride curve,1.0,1.0,0.7888473868370056
554494,inevitablyeven canada youth waking fact liljustin empty suit even worsea traitor canada value canadian george soros best budcanadians problem,1.0,0.0,0.46465158462524414
5548558,church can not receive accept teaching indeed still whole always divine revelation compromise world example teaching capital punishment gravely infringes jesus instruction love enemy divine revelation anyway importantly work clearly come least part natural science since god revealed world way knowledge god science successfully challenged reliability orthodox church teaching social science youre right jamie manson yes church can not confine working divine revelation either magisterial teaching alone solely scripture,0.0,1.0,0.667574405670166
555915,nothing say insult empty word elder really horrible troll leader native community produce,1.0,0.0,0.4144611656665802
5569748,scumsucker,1.0,0.0,0.40824568271636963
5574284,let call really male genital mutilation,1.0,1.0,0.5969528555870056
5582875,doesnt grew pair got,0.0,1.0,0.570447564125061
5585717,neanderthal deplorable racist settler altright ci white mansplainer,1.0,1.0,0.7403228878974915
5589558,uh oh look like serial cheater trump looking new premire dame,1.0,1.0,0.6771519780158997
5593961,let lose perspective havent seen comment posted response trump moron imbecile illiterate comment hourly seen there selectivity,1.0,1.0,0.7305445075035095
560128,ill remember comment eventually read young child get mauled within town maybe youll send kid flower hospital logic mauling victim moved lower well huh im mean idiot couldnt see far town remote seward airpot dang airport must whopping mile away downtown thats remote wild grizzly bear country alright,1.0,1.0,0.6627116799354553
5612697,sadly rick foolish,1.0,0.0,0.3397553861141205
5615781,wish least hint cognitive dissonance rather government seems suffer mental discomfort whatsoever blatant hypocrisy however like previous government shortage doublespeak,1.0,0.0,0.3785225450992584
562427,noticed hunh,0.0,0.0,0.3727474510669708
5625499,springfield reputation built story like come long way,0.0,0.0,0.25291216373443604
5627436,citation please,0.0,0.0,0.3843596279621124
5643807,due archaic water law lot cant sold nonfarm use even owner wanted tobaloney water right dont need sold useful water right leased time happened frequently drought last decade right holder make money leasing right growing crop would otherwise die field understood colorado water history youd probably understand,0.0,0.0,0.33161401748657227
5647363,stupid waste money,1.0,1.0,0.869926929473877
565157,obviously right head liar hilary much better shes smart know want trump cant even keep lie straight he constantly changing story im sure even know truth guy epitome everything think wrong country power good constantly bad thing want much already would think education would smarter he complete dunderhead read article couple year ago talking ceo high ranking company suffer psychopathy feel strongly case trump care,1.0,1.0,0.5386115312576294
5663884,thanks mister grube article dont get started shenanigan prosecutor office involved reported one better reason need press balanced reporting side issue make mind discussing detail case outside courtroom however impact judgement judge nakasone right case initiated system solely prosecutor office deserve increased scrutiny example appearance improriety triggered safeguard codified implementing legislation regarding filing affidavit safeguard implemented nice catch judge,0.0,0.0,0.32826054096221924
5677721,transgender mental disorder body male mind think female would pas psychological aspect recruiting,1.0,1.0,0.6286779046058655
5679926,ignorant pay attention much,1.0,1.0,0.7742379307746887
5695674,agree mathewsnicole comment get right aboriginal scrappy tough got bad set card facing elite take courage tell world aboriginal courage dont need pandered,0.0,1.0,0.5736681222915649
5696807,raw unfiltered tweet great insight people think unfortunately potus kind bad thing would prefer thoughtful president one tweet whatever jump mind engaging brain mouth case finger really good plan,0.0,1.0,0.68959641456604
569791,article print edition globe week interviewed canadian living u eligible vote election say people wont admit public voting trump one one conversation say exactly say election day reminds u u election people said would hard time voting harry truman stand nothing way election day seems voting public didnt trust democratic candidate governor adlai stevenson illinois,0.0,0.0,0.43557271361351013
5698908,neighbour retired teacher making money pension know another neighbour police officer counting day get golden pension sunshine list case wanted know,0.0,0.0,0.3564024269580841
5700779,democrat controlled senate able adjust democrat president could demand additional spending way hell bill left house even came close obama eventually signed,0.0,0.0,0.2915881872177124
5704177975099333,buckethead task force hi im trying install task force guitarist project would like join,0.0,0.0,0.43029218912124634
5707014,president obama used call house representative summer recess pas emergency spending bill hurricane katrina joke really call dr shame correct im wrong said president one call house recess obama couldnt done back could sir ignorant joke stop writing left accuse obama starting ww,1.0,1.0,0.5629211664199829
5717310,agree pm much policy leverage come economy play role many factor global otherwise outside control still voter happy job number good familiar porter specific analysis im saying wrong others economist identified child benefit specifically boosted economy like oil price range keep canada industry going without hitting manufacturing export hard whatever boosting economy whatever combo factor good,0.0,0.0,0.3932635188102722
5722300,ban atomic weapon need stop racist war aggression started country like japan rather protest atom bomb stopped japan murder ten million miss nakamura protest samurai sword prompted atom bomb estimated atom bomb killed perhaps japanese japanese murdered two million innocent people samurai sword miss nakamura protest american weapon stopped war protesting japanese weapon advanced war read mention many victim japanese belligerence prompted fearful deserved retribution japanese casually beheaded people turned woman sex slave speared baby bayonet sport vivisected hostage used hostage test antipersonnel bomb wmd cooked ate people surely would moral reason atom bomb japan,0.0,1.0,0.5113084316253662
5728180,wow really ignorant usa hater arnt stopped war nk want start one child b,1.0,1.0,0.6859753727912903
5730483,lot u want gone way possible tired donald trump pusyfooting around apparently canadian government nothing refute rumor think true canada happy take dreg usa,0.0,1.0,0.5831836462020874
5735277,trump would steamroll guy,0.0,1.0,0.7678976655006409
5738698,hope whack head roof car put back seat thats told cop might knock sense,1.0,1.0,0.5209562182426453
5743866,buruma form writing type nonsense,1.0,1.0,0.5869209170341492
5744252,he executed inner regime including family aircraft gun he batshitt crazy,1.0,0.0,0.3548296093940735
5744899,study crap made produce fear mongering heading like one article many people accept heading read line article consider truth without even thinking thats problem intention study article lot profit lost certain industry cannabis legal many industry support medium pharmaceutical industry one biggest,1.0,0.0,0.378002405166626
574645,want flag gone parliament building horrible human right violator,1.0,1.0,0.6249251961708069
5747040,validated comrade point,0.0,0.0,0.4630083739757538
5750001,amazing idiot actually elected,1.0,1.0,0.8750144839286804
5752602,skinut dont agree assumption collateral damage loss life integral part warfare lived sk would hope would protected attack nks finally potus take threat u lightly fire fury sound good someone somewhere someday must put end b nk amen,0.0,0.0,0.46935829520225525
5758544,oldruss wonder two suspect case referred juvenile court werent one referred adult court one remains juvenile court system colorado childrens code give juvenile court exclusive jurisdiction child commit crime child defined someone year age age person longer child adult child may filed adult crime would class two felony child least year age child least offense class two felony transfer hearing may held da required code cover wide range subject involving child limited health welfare safety dependency neglect issue child charged offense case kept juvenile court system identity may released charged adult court identified,0.0,0.0,0.4748702645301819
5759691,would happened let prance around march know whatabsolutely nothing letting march equal condone stand asinine racism long human,1.0,1.0,0.6437118053436279
5772830,understand doesnt give counterprotesters free reign incite violence moral high ground doesnt work like criticism trump issue ridiculous,1.0,1.0,0.7805296182632446
5773763,pretty sure beating crap nazi one american thing one right apple pie,0.0,1.0,0.6490063667297363
5778934,drama queen became rhetorical election day never meant,0.0,1.0,0.5447884798049927
5780357,keep idiot jail go rest idiot protesting country stop deporting illegals since allow illegals dictate country removal confederate statue wow ok liberal idiot people want statue martin luther king removed street named great man renamed sound moron liberal idiot going history book next going statue president like george washington thomas jefferson back day one largest slave owner,1.0,1.0,0.8454384207725525
5782687,murdersuicide,1.0,0.0,0.40824568271636963
578597,talk perfect campaign adthe taj mahawker full view everyone reminded never voter look little like titanic,0.0,1.0,0.5282689929008484
5786029,estate originates land acquired campbell maheleand fund go back hawaii beneficial use hawaiian really betelnut acquire lot land lifetime give one racial group die silly,1.0,1.0,0.748543918132782
5795730,somehow news story forgot mention motive person carrying cowardly attack problem clearly identifying kkk idiot every story virginia killing course radical islam get total pas disgusting liberal medium doublestandards,1.0,1.0,0.7946484088897705
5795747,artist rightswould also apply company paint building house car im beginning believe people opposing possibility building owned hawaiian airline painted probably microminority beeeeched moaned super ferry,0.0,0.0,0.3474854826927185
5797764,total nonsense,1.0,0.0,0.37045061588287354
5802892,intended strawman merely analogy man robs bank us money educate kid get caught money recovered kid suffer didnt get education financed dad criminal behavior woman cross border u want kid better life get caught however time kid wont suffer illegal behavior citizen want give pas crime dont define racist godfather firstgeneration mexican immigrant one roommate son legal mexican immigrant two cousin half black regardless think anyone break law suffer consequence understand innocent child also suffer need blame mother american immigration system,1.0,1.0,0.5232124328613281
5804239,dont know conservative wouldnt made inane remark,1.0,1.0,0.5537161827087402
5806293,adn go tube going troll,1.0,1.0,0.7459852695465088
5821014,trump grifter quickly turning swamp malodorous cesspool,1.0,1.0,0.5652773976325989
5822453,nice know youre okay discrimination lesbian company offer health insurance coverage spouse married employee,0.0,0.0,0.3787235915660858
5823825,fox guarding henhouse doctor hooked patient opioids slide back door,0.0,0.0,0.36753934621810913
5827427,angolan stuck mpla lead putin style judiciary press tv armed force national wealth everything even street luanda named party absolutely chance real democracy foreseeable future look sa see becoming,0.0,0.0,0.34896746277809143
5828450,several story dp today seem indicate california license plate red flag local police,0.0,0.0,0.26663938164711
5829989,dumbest story get comment,1.0,0.0,0.3879462480545044
5834853,please dont tell hardearned dime going towards paying unsavoury man,1.0,0.0,0.44152382016181946
5853339,eish sbu youre racist thinking primitive havent quite made leap using prefrontal cortex yet go full frontal smart youre stuck,1.0,1.0,0.723390519618988
5855511,dp people right know whether active inactive pipe property neighbor property aware risk doublecheck official pipe lie caped dormant doubt there problem finding there pipeline actual property youre buying surely thats part plot plan disclosure information required buying property neighbor property different matter course property arent gas pipeline already required marked surface see little red gas pipeline marker ground quite frequently,0.0,0.0,0.318581223487854
5861765,arpaio fiasco started long obama took office pulling crap early clinton office nothing obama except everything obama,1.0,1.0,0.659734308719635
586248,bad questioning democracy republic feel like live made third world country u,0.0,1.0,0.5418571829795837
5868403,funny farmer people dont believe evolution explain new weed resistance thats evolution human induced evolution right front explanation would god feel better,0.0,0.0,0.41951632499694824
5871398,thank senator voted least common sense know right wrong rail wrong heyjust one darn secondwasnt voting doomed get goseems like oahu senator locked loaded haaaaaaaaaaa though neighbor island vote yes id like see theyll around next year big mahalos senator kaialii kahelejosh green russell ruderman lone wahine lorraine inouye guysmy island imua,1.0,0.0,0.3067804276943207
5874384,nick intrepid reporting police corruptionabusemalfeasance kaneshiros korrupt klowns believe needing safe house soon thank nick keep please usthe citizenhostages podunk village run imbecile,1.0,1.0,0.5350739359855652
5885410,shoulda given ball moneynow he raider marshaun got screwed fan got screwed experienced snatching defeat jaw victory superbowl victory strait pipe grade boy screaming beastmode beastie dance hand ball beast like duh pick lesser evil ugh russel look great team look great,1.0,0.0,0.49072590470314026
5887894,youre epitome class,0.0,1.0,0.7544636130332947
5889340,lifestyle chosen continue use friend people hang around get like woman said cant trusted believed parent cant trust lose everything endanger love still willing quit one make one person use rob steal burglarize town shoplift everything get hand every day got ta next injection apd step aside say cant anything big box corporate store refuse anything endangering employee giving thief sickening,0.0,1.0,0.5692432522773743
590307,apparently none realize thousand latino black asian lgbts minority including tha woman voted trump poor little snowflake luckily cold outside would melt hey spring soon enough,1.0,1.0,0.6679555773735046
5905707,parent kid arrived prior kid net immigration obamas tenure going,0.0,1.0,0.6007059812545776
5911349,black make approximately u population commit crime according fbi black homicide victim killed black people honestly protesting,1.0,0.0,0.4680722951889038
5924023,yes white hate nazi communist domestic terrorist traitor trumpelthinskin also civil comment anti free speach communist group,1.0,1.0,0.7945313453674316
5928373,puty awesomest awesomest pecs steel man age macho puty hockey god better entire krutov larionov makarov line combined may poisoned enemy radiation also scored eight goal single game goaltender scared life stop shot either,0.0,1.0,0.592516303062439
5937001,dont know could predict earthquake irma path announced day satelite picture irma news early sep waste tax money stupid ignorance people let get home,1.0,1.0,0.5518097877502441
5937385,trump doesnt care obama black he white black way trump restored authority congress repealed eos obama used eos law suggestion racism word almost never used left viable argument personal attack character assassination used impunity america looked past childish approachwe leader first time since reagan potus,1.0,1.0,0.5129119753837585
5953387,cheyenne pueblo ugh something constructive run one denver dillon vail,0.0,1.0,0.5723457336425781
5958701,hillary president win,0.0,1.0,0.5958545804023743
5963789,trump woefully ignorant cowardly deceitful narcissic bully completely lack physical emotional stamen nice thing hurricane presence resulted u hear much le trump small child,1.0,1.0,0.799938440322876
5965611,antifa real fascist silly act like fascist suppressing free speech others violence intimidation yet proclaim antifascist irony doesnt get thicker,1.0,1.0,0.6592754125595093
5975127,sound like loser talk golden calf combovers proven fat rat refrigerator pigging democracy stuffing sagging jowl,1.0,1.0,0.620490550994873
5977243,cant mess shit shit always win,1.0,1.0,0.6896475553512573
5986833,nasty word action proof needed,0.0,1.0,0.5668530464172363
599135,read liberal news site fox news trump saying wont appoint special prosecutor investigate hillary clinton said good people referring clinton wow happened lock,0.0,0.0,0.4555894434452057
5997825,two deranged one make sane pot calling kettle black,1.0,0.0,0.40148141980171204
5999396,dont care gender reputable naomi klein completely agree hypocritical liberal sure like flaunting world stage either seemingly personal care individual carbon footprint fantastic woman leader everywhere world doesnt mean cant critical poor one elizabeth cant grasp,0.0,1.0,0.6584007740020752
5a67f151cf72396f,stop deleting edits live stoufville located bison park drive youre ridiculous,1.0,1.0,0.6182109117507935
6001440,braddah dont even try pull race card crap,1.0,1.0,0.5466049313545227
6003569,good post hope democrat learning sad sorry spectacle great republican victory dont need left version tea party throwing tantrum refusing budge throwing oatmeal around dining room winning election mean like repuglicans opportunistic liar confabulators operatic scale continue opposition,1.0,0.0,0.4712168574333191
6010534,time remove income tax break professional athlete get go hell goodell,1.0,0.0,0.3706202208995819
6011135,trump childish immature statement curry hardly prima donna responded respect thoughtfulness comment social injustice rampant trump administration trump fuel injustice can not hide behind long standing tradition standing national anthem would encourage player sit national anthem express displeasure action president trump would sign respect important societysocial equality fairness law tolerance quality trump seeking destroy narrow view authoritarian rule according personal value shameful,0.0,1.0,0.5970637202262878
6014177,im defending trump cant say obama brought country solidarity either,0.0,1.0,0.5662112832069397
6029279,debate time whether he pr genius complete moron always settled there way he smart enough create kind diversion,1.0,1.0,0.5626538991928101
6031325,dont think donald able differentiate real wonder could pas memory test poor donald pssy grabbing caught,1.0,0.0,0.36551567912101746
604059,probably like wont see bill church either liberal hypocritical talk crap trump dont see hypocrisy backing hillary stayed known pervert he always cheated got impeached convicted taking advantage girl twice age trump racist want build wall keep country even debt hillary liar indicted many lie wanted lead country ha ha thank god idiot didnt win hillary committed many crime trump perceived racist liberal hit fan go put head back sand,1.0,1.0,0.8142809271812439
6043849,racist president us platform call son bitch illegally call employer fire klan rally player certainly every right respond,1.0,0.0,0.4822014570236206
604500,he bad reality tv star reality tv star welcome idiocracy,1.0,1.0,0.542521059513092
6047531,calling liar gotten far want go visit person necessary would know pay site didnt visit dimwit calling liar gotten far want go visit person necessary meantime take second site put sun dont shine dont care whether remove head first,1.0,1.0,0.5267302393913269
6065778,nope gone far brandon marshall throwing black power sign anthem far,0.0,1.0,0.6308625340461731
6071547,stupid answer typical,1.0,1.0,0.7810613512992859
6073020,get ready order grocery online delivered everywhere vulnerable school church soccer game football game rocktober concert grocery store movie theater restaurant highway farmer market walmart costco rtd bus train diaobviouslycops wont able determine direction shotssnipers fire willpolice casualty ten thousand finishedheld hostage nra congress amendment canada waaaay better usjuarez mexico saferwere talking syria level danger heremaga,0.0,0.0,0.37132692337036133
6076248,trump always stupid slow responder come helping average american sleazy family enriched expense,1.0,1.0,0.8022619485855103
6085355,im happy dang hard police person people would police ask frivolous case waste tax payer money would happen police citizen review board term crap citizen complained b mind,1.0,1.0,0.5458274483680725
609881,seems like wrong people api greedy bugger always greedy really stupid lose as maybe somebody listen hedge fund blowout never invest property main portfolio bust wasting breath mister cole cant fix stupid,1.0,1.0,0.7284583449363708
6100724,turn milo fellow republican falling defend straight jew hating foreign nazi like one whose butt kicked military wwii,1.0,1.0,0.734713613986969
6106970,semiautomatic rifle detachable magazine readily available general public year prior national gun law much le strict today scary rifle lax gun law problem werent people running amok rifle year ago,0.0,0.0,0.30967769026756287
610852,think said opposition bank stupid anyone actually stupid deplorable false equivalency,1.0,1.0,0.737885594367981
6110360,la vega tragedy kellyanne conway blame obama bernie hillary cnn elizabeth warren quote trump know im like smart person trump youre like smart person way youre unbalanced buffoon traitor,1.0,1.0,0.7530838251113892
61147a547b41368c,extreme racist vandalism negro last warning next time vandalize page blocked editing,0.0,1.0,0.5149263739585876
6119767,thats mo never intellectual defense,0.0,1.0,0.6381872892379761
6122233,yeah must driving car rammed crowd fucking idiot,1.0,1.0,0.7902374267578125
6122576,get fuck laughing loud pathetic trump cack sucking worst eat cuban missing dick,1.0,1.0,0.8163779377937317
6129764,xbt good point would call national boycott nfl entire rest season gave watching nfl watch college football way better watch bunch overpaid loser crybaby kneeling total disrespect symbol great country fed make law nfl player must serve military two year either first year league watch run border hahahahah total bunch big time loser,1.0,0.0,0.4773919880390167
6130183,he big baby way pout like end world moron would spend half energy trying run country uselessly spends tweeting may actually able accomplish something unfortunately never change childish bully way,1.0,1.0,0.679462194442749
6130891,allegedly invest thats crock crap,1.0,0.0,0.4236167073249817
6146869,yeah wont pay much job dont get subsidy see people paying refuse work take take take,0.0,0.0,0.37427493929862976
6150668,america white heterosexual american,1.0,1.0,0.7862856388092041
6151191,talent maybe undisciplined absolutely win game average penalty game giving plus yard game six game season zero improvement penalty department see flag guaranteed oregon sorry thats get player play disciplined smart ball victory next week coach get face player screw come jesus teaching moment oregon,0.0,0.0,0.3314056396484375
6157092,quit cutting pasting advocating cannabis talking alcohol disingenuous silly,1.0,1.0,0.6263148784637451
6162428,know jesus defined speaker youre going buybull interpretation story dare presume know jesus defined said pathetic comment pathetic craven insinuation think god jesus would say simply insane babbling,1.0,0.0,0.48232343792915344
6163560,recovery sp project gdp growth recently adjusted downward hardly reason celebration optimism,0.0,0.0,0.33891230821609497
6166379,reek desperation one like around used friend looking someone marry could longedfor baby man make enough money could stop working stay home kid needle say one ever asked second date spending time,0.0,0.0,0.43056127429008484
6168726,zuma doesnt care anc anybody else steadily weakened sucked bleated presidential perogative hide complicity avarice cowardice wanker lot,1.0,1.0,0.5366692543029785
6169699,national disgracewhat worm,1.0,1.0,0.5939433574676514
6177406,lick ball ann,1.0,1.0,0.6193486452102661
6185576,dodger suck baseball always best tv deal outbid everyone player thats relegated parochial position far national interest people watch idiotic rerun youtube far instead world series impose hard cap true revenue sharing spread star around might regain national interest,1.0,1.0,0.7272334694862366
6187467,bronco sucked side ball sunday night embarrassing,1.0,0.0,0.3985159695148468
6188263,suppose either u homework inclined research larger context francis statement made wouldnt guess whether gaffe part well thought thesis something else altogether yes tend interpret isolated statement lens bias ill certainly cop ncr editorial slant make bone wanderer interpret perspective like grist mill im board traditional catholic criterion economic system basically taking away individual choice person freedom honest dignified labor improve hisher condition collectivist system obviously violate principle excessive capitalism especially fueled corporate greed francis isnt pope say jpii frequently well,0.0,0.0,0.2964705526828766
618947,may suffer way suffered others every way may every person endure suffering caused others intent,1.0,0.0,0.3221467435359955
6190823,fact citizen ontario tarred feathered wynne show restraint ontarians worthy criticism based extremely incompetent performance mismanagement province attempt silence critic silly petty ontario people patient extremely tolerant incompetence,1.0,1.0,0.6214841604232788
6195492,nice agree growth fast furious break due recession mideighties bought house downtown everett almost dead could roll bowling ball hewitt ave sunday afternoon wouldnt hit thing might old drunk sleeping sidewalk wasnt massive heroin epidemic today bone contention cost time frame article give nice description original light rail century ago connected seattle everett year construction could ride electric rail everett seattle started completed voted original rta tax excited learn rail service everett seattle would start later eleven year laterstill waiting still paying,0.0,0.0,0.3899638056755066
6205281,entire cluster fck investigation medium storm im still amazed average american treated complete dolt set aside russia interfered every presidential election last year powerful nation attempted sway outcome favor wouldnt try talking influential country history also governemnt get hand wet whenever country hold election hope favorable outcome nooo must act shocked act perpetrated question motif relation trump ascension power american people treated fool told focus outrage blinded overall geopolitical goal every nation mean would aspire control im tired feel shame since im certain medium democrat show none whole cluster fck go away,1.0,1.0,0.6353896260261536
6211666,poor coachingthis whole crew need go,0.0,0.0,0.4162816107273102
621863,libs lost go find safe place suck thumb year get,1.0,1.0,0.7946610450744629
6220645,sure sound like beginning end sad,0.0,0.0,0.316571444272995
6236784,hey ak guy still buy subscription enquirer let go already new crook get elected wow bitter one thing butyou friend edge eye h lesser crook seriously isnt getting rid bill dont chance actually hear going share cell,1.0,0.0,0.40273919701576233
624268,thank letter,0.0,0.0,0.2799925208091736
6243983,right projecting decry something guilty projecting right gigantic hypocrite voted dump caught tape bragging sexually assaulting woman watched filth like oloofah already know sexual harasser network run serial sexual harasser yet still whine clinton weinstein,1.0,1.0,0.7017592191696167
624565,novel bible story approached novel ok tentatively unnecessary caveat anyway good show winona,0.0,0.0,0.34476912021636963
6246404,dont know dont know making stuff fly confidence government particular finmin morneau thing certain morneau proven cheat,0.0,1.0,0.5297573208808899
6247030,actually want collect tax pay money state without accountability dollar come,0.0,1.0,0.7179449200630188
6256056,magaphants make even bigger fool suggest read indictment know lot big word also see lot nonsense passing fox news completely wrong keep saying papadopoulos insignificant volunteer read pleaded guilty stipulated true indictment read courage see,1.0,0.0,0.3565763533115387
6256441,make bad dream stop watching trevor qb team like watching slow moving train wreck nightmare truely nfl long t backup demote guy vance fired elway need put notice pick game youre going fired,0.0,1.0,0.5012136697769165
6259975,lowincome family really go national park ive seen also dont go museum library zoo great number,0.0,0.0,0.40754881501197815
6260048,prof he ephebophile well homosexual pederasty long standing subculture within homosexuality,0.0,1.0,0.535783052444458
6264171,besides irrelevance share one attribute arrogance,0.0,1.0,0.6187770366668701
6267570,remember alberta heritage fund established peter lougheed know subsequent mismanagement royalty year alberta conservative government pillaged generation opportunity save future might single biggest example financial mismanagement canadian history even equalization dole out quebec et al alberta least billion bank today instead zero bank hard imagine ndp could worse id like hear kenney think state heritage fund saving future like norway,0.0,1.0,0.5310083031654358
6270224,agreed quit going reason rip artist,0.0,0.0,0.29502061009407043
6274249,voted hillary,0.0,1.0,0.6884463429450989
6276209,yeah god forbid bunch uninvited illegals come someone el country without permission next thing know theyll handing diseased blanket stealing land raping woman murdering many native possible theyre really terrible people theyll brazen enough call country demand immigrant leave whining like pathetic ignorant selfcentered crybaby anyone else might want come right hell people like might even kill invade people country want theyd probably even call terrorism defending freedom ignorant citizen disregard fact million innocent civilian killed nothing would invading home killing family also considered heroic act defending freedom reserved special civilized people muslim behind opioid crisis american,1.0,1.0,0.8220033049583435
6276933,clear article comment socialistcommunist left want tax cut ignore proceed,0.0,0.0,0.4178559184074402
6295513,protecting condoning alleged behavior im pointing gay bigotry,1.0,1.0,0.6602669358253479
6304520,ah race card typical unless killer black hispanic coincidence right,1.0,1.0,0.5611532330513
6319970,farleftists control party throwing moderate clinton machine bus shes mea culpa try keep extreme bernie idiot onboard sucking minion party always plan got caught say oh fault still good guy,1.0,1.0,0.680941641330719
632115,day silliest federal regulation may well numbered two digit number,1.0,0.0,0.4227498173713684
6325458,hear ya bronco fan need remember lost hof qb hid lot flaw first season defense took last season qb retired winning sb bronco real shot obvious good qbs draft following year finish worst possible position missing playoff game giving worst pick without getting playoff really great qbs market either plus start rebuilding offense wasnt good said play calling could better offense step drop big nono receiver nono offense get field goal range without turning approach let defense work without leaving field day putting back wall turning wish theyd play lynch lose get great draft pick qb,0.0,0.0,0.40923014283180237
634e15d654374d5c,youre right back used one account improve imagebox muslim american african american privacy reason exposed anyway didnt editwar anything,0.0,0.0,0.47306060791015625
636274,author also reductionistic extreme steubenville specialty truly holythat see abortion essentially issue merit moral discussiona specialty usccb culture warrior also authoritarian type want control environment agendacant take risk god take equips u free willwould prefer obedient theocracyand developmental psych point view immature morally know folk go various developmental stage moral decision making childish dependency cookie jar moralityie mom catch usto developed mature stage common good concern even laying one life one brother ultimate consideration god morally mature person fidelity one conscience something church never mention view doesnt like much,0.0,0.0,0.3968486785888672
641078,youth suffer brain injury pot responsible legalizing could liable enormous compensation payment hopefully canadian taxpayer pay,0.0,0.0,0.43032485246658325
641222,jeffery state need prosecute people full extent law use plea bargaining reduce sentence monster isnt fit society ten year isnt enough time monster release run countryside there fixing twisted sexual predator,0.0,1.0,0.5399753451347351
646947,dont suffer substance abuse willingly engage substance abuse,0.0,0.0,0.27955856919288635
650570,cdc totally free study prohibited propaganda caught clinton administration cdc hand tied prevent study gun violence come bloomberg source article accurate plain propaganda outgoing president fact cdc study support gun control agenda place contradicted ergo study get politics really think outside scope discussion,0.0,0.0,0.4101048707962036
653689,voting made difference wouldnt let u mark twain political power grows barrel good night mao zedung discussion subject merely mental selfflagellation,0.0,0.0,0.4470258057117462
675797,lib troll bunch nonsense harris turned ontario around disaster ndp ontario grew huge economy net private sector job balanced book year since libs totaly destroyed good work harris grateful man need help,1.0,1.0,0.5989437103271484
6a783e79e0bf7b0a,matter want blocked hell,1.0,0.0,0.4972810447216034
700eaddcc1192ff5,concern deletion concerned recent deletion entry especially howard kippenbergerentry posted academically recognised authoratative material entry wikipedia user searching area find valuable find disheartening disturbing done without dialogue also found blocking threat unhelpful somewhat highhanded would appreciate response,0.0,0.0,0.3702036142349243
731783,bad musher didnt shoot killed dog,1.0,0.0,0.4682191014289856
748218,flexpipe big steel megapipe much much flexpipe eliminates hurdle hurdle hurdle hurdle hurdle hurdle hurdle merry christmas flexpipe begin profitable return alaska le initial financing package rest downhill flexpipe combine gasline fiberoptic hvdcpowerline one pipe industrial commercial architecture amazing welcome century alaskan goog supergrid asia goog hvdc hdpe read first link see little dc wizardry lot gas could swap power across continent,0.0,0.0,0.28196966648101807
748740,asylum seeker immigrant seriously think anyone care terrorist filth status try explaining hairsplitting load jihadist apologist tripe family anus murdered im sure theyll appreciate distinction,1.0,1.0,0.5173612236976624
755263,butbutbuti didnt mean freedom salmon every imbecilic trump lover,1.0,0.0,0.39633703231811523
756633,left right government view energy sector gigantic piggy bank source political donation respective crony look recently approved pipe line alberta approval carbon tax two big time winwins upcoming donation season,0.0,0.0,0.4912886321544647
757399,seems truth belong shortlist canadian value,1.0,0.0,0.46496519446372986
759947,tenacious little bugger cant wait photo,1.0,1.0,0.6884152293205261
761392,probably found news dished mayor famouslol,0.0,0.0,0.44096437096595764
768379,one concept came across year ago term white privilege surprised response white confronted term affront race poor marginalised thosed coloured people obvious understand term meant thinking recent u election would like suggest white privilege played significant role voting pattern primarily white male irrational fear generated tide gratuitous statement making america great emphased fear left behind eight year black man president posibilty woman although white much maligned one elite would continue perpetuate slide one privileged class least another four year,1.0,0.0,0.45464250445365906
771a6b615f3612d8,block im blocked nanana booboo block dare ya restart rotur start sue,1.0,0.0,0.49284592270851135
772048,russian comrey arent democrat,0.0,0.0,0.4868486225605011
778034,hard take anyone serious cut paste link every comment thread self like comment trump snowflake,0.0,1.0,0.5264392495155334
783782,author seems think natural resource part national economy completely zerosum game unless life tent without heat hunt forage food walk everywhere he pretty much hypocrite easy critical youre livelihood reliant largesse others removed degree economic driver,1.0,0.0,0.4661775529384613
792346,every time read one post feel need smash head claw hammer,1.0,0.0,0.4599516689777374
795767,can not reason idiot defenseless,1.0,1.0,0.8062036633491516
796169,say absolutely nothing response said standard nonresponsive response give meaningful response,0.0,0.0,0.4563731551170349
7e7c68d86e1a9eb8,hell wrong following flap ciasponsored manual contra advocated assassination north helped arrange job nsc staff vincent cannistraro central intelligence agency officer run agency task force contra following flap ciasponsored manual contra advocated assassination north helped arrange job nsc staff vincent cannistraro central intelligence agency officer run agency task force contra following flap ciasponsored manual contra advocated assassination north helped arrange job nsc staff vincent cannistraro central intelligence agency officer run agency task force contra following flap ciasponsored manual contra advocated assassination north helped arrange job nsc staff vincent cannistraro central intelligence agency officer run agency task force contra following flap ciasponsored manual contra advocated assassination north helped arrange job nsc staff vincent cannistraro central intelligence agency officer run agency task force contra following flap ciasponsored manual contra advocated assassination north helped arrange job nsc staff vincent cannistraro central intelligence agency officer run agency task force contra following flap ciasponsored manual contra advocated assassination north helped arrange job nsc staff vincent cannistraro central intelligence agency officer run agency task force contra following flap ciasponsored manual contra advocated assassination north helped arrange job nsc staff vincent cannistraro central intelligence agency officer run agency task force contra following flap ciasponsored manual contra advocated assassination north helped arrange job nsc staff vincent cannistraro central intelligence agency officer run agency task force contra following flap ciasponsored manual contra advocated assassination north helped arrange job nsc staff vincent cannistraro central intelligence agency officer run agency task force contra following flap ciasponsored manual contra advocated assassination north helped arrange job nsc staff vincent cannistraro central intelligence agency officer run agency task force contra following flap ciasponsored manual contra advocated assassination north helped arrange job nsc staff vincent cannistraro central intelligence agency officer run agency task force contra following flap ciasponsored manual contra advocated assassination north helped arrange job nsc staff vincent cannistraro central intelligence agency officer run agency task force contra omfg ther reference section exact duplicate got rid one fucking moron,1.0,0.0,0.2942892014980316
7f5be7e51e738bb0,diddy fucking killed tupac diddy fucking killed tupac diddy fucking killed tupac diddy fucking killed tupac diddy fucking killed tupac diddy fucking killed tupac diddy fucking killed tupac,1.0,0.0,0.49480363726615906
801821,meanwhile obama ordered military poland imbecile trying much damage possible exit,1.0,0.0,0.42446368932724
806607,come full crap judge know better give break lose job deserves spade unfit trusted hell become judge first place,1.0,0.0,0.4029851257801056
810168,called fake news think china told fake,0.0,0.0,0.47010937333106995
810618,pnw mike three round burst mode happened variant earlymid weapon marine corp recruit training know,0.0,0.0,0.4150957763195038
815977,wow leading team throw mercy trump surely wont take wonder boy along would totally disastrous squared stature representative make totally embarrassed canadian,1.0,1.0,0.6994562149047852
816735,ive got ammo willing donate sentencing portion dealing scum earth,1.0,0.0,0.4637042284011841
825624,simpler idea abolish scheme like fuck home owner grant subsidizes home owner tune million dollar per year nonproperty owner renter subsidize property tax bill home owner seen house price increase eye watering pace,0.0,0.0,0.33726832270622253
826824,never underestimate ability bureaucrat wreck havoc er probably half dozen independent investment manager im sure good sadly vast majority active money manager underperform average cited done year mystery malfeasance,0.0,1.0,0.6788086295127869
827269,great business would owner sell wait money raised going straight pocket benefit company indeed seem much appetite issue hot ipo closed usually couple hour since institution take huge chunk one still open hour looking retail sucker,0.0,0.0,0.39454057812690735
834773,yesterday pierre mcguire made sure hockey fan city montreal edmonton winnipeg ottawa hate gut going forward even may hate nowhe montreal sport radio tsn called auston matthew player game sidney crosby right nowi love sure agree matthew future leaf teammate still slightly better comparable,0.0,0.0,0.4220086336135864
839625,congressman lewis enough president conceded election trump legitimate winner trying revive worn russian claim without evidence attempted interference changed vote slightest simply ridiculous bask glory century past civil right leader long position play max recent dissent house rule change speech jan lack attendance inauguration make difference whatsoever time move john either antiquated way thinking retirement,1.0,0.0,0.4546617865562439
841431,trump pussy,1.0,1.0,0.613871693611145
846314,wall supporter wall supportersneedless say deceptive unethical,0.0,0.0,0.4640175700187683
862585,nice try public business playing sleuth google try find alaska statute author alaska dispatch clearly elaborated fragment found proof chosen photo article show pro lbg parade member rainbow banner would take article infinitely seriously least truthful intent article,0.0,0.0,0.3924540579319
869057,fool would think u president need canadian order damage canadian economy,1.0,1.0,0.7631255388259888
875991,rubbish say hang havent heard comment like male acquaintance since fourteen year old trump year old said honestly defending attitude word deplorable,1.0,1.0,0.6940352320671082
885082,exactly,0.0,0.0,0.39341720938682556
886ef8f4d874affc,protect article subsequently deleted history new page eradicated section split original article summary section left original main article top contain link newly created page easily achieved mainnewly created page name template,0.0,0.0,0.2921324372291565
8877e4ebd8ca3801,youre getting quite yet since relevant passage read conviction quashed four year later ground confession police officer improperly admitted evidence since youre quite close strand dont pop round judge library near bear garden ask day pas research purpose tell youre contributing encyclopedia article want get fact straightkiwiexile dmoz,0.0,0.0,0.42622360587120056
896764,good first start immigration expert said year need start flow people second step provide path citizenship u year,0.0,0.0,0.38710904121398926
90d6591b9b27665f,levantine arab white complete moron white latin american page shakiras photo halfarab,1.0,1.0,0.6683294177055359
914995,hope,0.0,0.0,0.4511975049972534
920293,irony much seemed qubcois accent started fire shot yelled allahu akbar,0.0,1.0,0.5418341755867004
922505,save nonsense email clearly exposed chosing leave data support agenda gw,0.0,0.0,0.3948183059692383
925018,muslums ive lost freedom tsa,1.0,0.0,0.4070863127708435
925553,give restyou dont jerk every minute day,1.0,1.0,0.5438298583030701
928523,married child raising child cost catholic school diocese regionalized parish support catholic school region parish success catholic grade high school college advertised quick clip use tv public transportation would permit ita ad bus subway catholic high school student go onto college posted compared public school charter school,0.0,0.0,0.3196859359741211
935953,careful say charles klamath fall adam cousin,0.0,0.0,0.48727279901504517
936194,yeah stupid melty snowflake,1.0,1.0,0.7052187919616699
937252,dont care go end product dont think support mining operation anywhere world unless single prospector gold pan isnt time move,0.0,0.0,0.3928161859512329
93ce4ff3c769b105,csd onla gay,1.0,1.0,0.6588613390922546
949435,good see american pushing back obnoxious idiot trump let hope make trump can not govern way want,1.0,1.0,0.8072738647460938
951577,first foremost one right show another country taken second north america cant take everyone else world cant economy can not absorb billion people keep chugging along well end third world dont want great people world awesome smart friendly folk nationality ethnic background religion also really horrible excuse human being dont want country question isnt religion question value culture equal better others dont want people wholl go grain dont mean avoiding pork mean real rape culture honourkillings thinking homosexual need die tribalconflicts shouldnt hate someone religion shouldnt accept unacceptable someone attached word holy tradition,1.0,1.0,0.6116784811019897
958444,put crazy person jail rest life set example case anyone dare something similar,0.0,0.0,0.4575136601924896
961217,monsieur kettle blacksayethmadame pot,1.0,0.0,0.3395604193210602
961310,dear father thomas need identify america raoul wallenberger said dramatic effect also recommend reading raoul wallenberg heroic life mysterious disappearance man saved thousand hungarian jew holocuast ingrid carlberg one man huge heart inspiration holy spirit saved camp oft time learn used save others discernment work way consider many saved homeboy one huge heart many taken model reach simply blend another neighborhood ahh dont forget underground railroad model either dear friend would say peace good,0.0,0.0,0.365214079618454
96743ac9f1d17e40,whats hilarious annual edit become permanent fixture hundred website search everybody draw mohammed day annual event youll get hit almost quoting wikipedia favorite video go burning half million koran screenshot wikipedia showing annual verbiage love,0.0,0.0,0.3357235789299011
969260,extreme view see potential future integration issue boy soccer team threatens forfeit match religious reason opposing team two female player wonder plan work society treat men woman equal islamaphobic point political islamist incompatible liberal secular democracy freedom expression including satire gender equality freedom sexual orientation foreign concept among member oh see canada embraced islamist islamist one progressive shamelessly naive misogyny paraded religious piety defended term cultural relativism gender segregated mosque pressure wear headscarf religious piety double standard demand sensitivity compared religion canada liberal secular democracy society governed islamic law,0.0,1.0,0.5515421032905579
971657,wonder anybody notice emperor clothes first willing give trump benefit doubt see act sworn going end well huge catastrophe hope wrong thing increase trump instability insecurity inequality,0.0,0.0,0.3636692762374878
992630,trump team admitted using private server trump team announced email secret nothing expose total complete lack ethic more right wing look action face reality theyd soon face valueless hypocritical liar,1.0,1.0,0.6571065783500671
ab6b93e36d96b204,explained x somehow clearer simpler objective x best known explained insisting putting opinion article stupid distinguish fact opinion thats remarkable handicap someone editing encyclopaedia really learn difference mean time perhaps next edit indicate moronic crusade,1.0,1.0,0.5109577178955078
b0734df798c62aec,oh bet little boy go stair mummy made lunch,1.0,1.0,0.6808305382728577
bb9ee645e4d82991,nationalist editwarring language kingdom yugoslavia serbocroatian serbocroatoslovene alphabet use throughout actually primarily cyrillic present source confirming banovina croatia housed large serbian population exception stop vandalizing article using civil flag opposed state flag per standard usage per kingdom yugoslavia article among others source abundant regarding flag civil flag talk,0.0,0.0,0.3002561330795288
bf57885bf9c3dce3,people like reason wikipedia useless well done,1.0,1.0,0.561737060546875
c1da31f9d3e5caf8,fuck gon na make list make sure include dont change shit aint coast put rapper move,1.0,1.0,0.6457096338272095
c744f26e9c949cfa,pastyfaced fannybandit give handjobs crack also love take as random guy weekend,1.0,1.0,0.6591336727142334
cd5506b4c912932e,fggt know fggt know fggt know fggt know fggt know fggt know fggt know fggt know fggt know fggt know fggt know fggt know fggt know fggt know fggt know fggt know fggt know fggt know fggt know fggt know fggt know fggt know fggt know fggt know fggt know fggt know fggt know fggt know fggt know fggt know fggt know fggt know fggt know fggt know fggt know fggt know fggt know fggt know fggt know fggt know fggt know fggt know fggt know fggt know fggt know fggt know fggt know fggt know fggt know fggt know fggt know fggt know fggt know fggt know fggt know fggt know fggt fggt know fggt know fggt know fggt know fggt know fggt know fggt know fggt know fggt know fggt know fggt know fggt know fggt know fggt know fggt know fggt know fggt know fggt know fggt know fggt know fggt know fggt know,1.0,1.0,0.6552450060844421
d0eb28873e6730c2,space period bucket head suck much carbon monoxide,1.0,1.0,0.6569323539733887
d27481f9de9e7072,reply hello thepeg grave injustice stupid question stupid answer cheer,1.0,1.0,0.7291410565376282
d810df94d4e04360,ya bggdbhbgbdghgggbdggbsbgsvdbdbbdgbddbdhfhbspam ya sggybgbgygbuybugygbuygybbguyigbbggtfvucrtesrwearewewrdcrfvbkhf,0.0,0.0,0.4685107469558716
da39f7020d585398,ip dislike alot see topic discus earliest convience additionally friend think say gayfag respond inquiry,1.0,0.0,0.440691202878952
dd2f297994107086,oh god captain jimmy wale wikipolice coming get im scared im pissing pant shut piehole silly little ponce,1.0,1.0,0.5944381952285767
e1760aa4f8fb552a,oh god thought last freak fucking nerd take cake,1.0,1.0,0.5110466480255127
ed7e44b1f5aa947b,eric there time go beyond pale personally point life couldnt care le free knowledge great love project crap thats coming fuck amazing writer even get hammered nice shit doesnt diminish youve done dont hate kid trying young bold year ago thank given personally greatly appreciate,1.0,1.0,0.661055326461792
fcc3b67026bfadc6,problem identify quote make point want included article way say article talk page forum airing anyones opinion subject discussion edit page im sorry entry incomprehensible talk,0.0,0.0,0.30297476053237915
